{
    "loss": [
        -0.3434124290943146,
        -0.4496012330055237,
        -0.4965362548828125,
        -0.5185304880142212,
        -0.5312634110450745,
        -0.5397613644599915,
        -0.5456647276878357,
        -0.5493692755699158,
        -0.5538992285728455,
        -0.5579365491867065,
        -0.5580666661262512,
        -0.5599961280822754,
        -0.5624060034751892,
        -0.5641009211540222,
        -0.5649288892745972,
        -0.5672137141227722,
        -0.5679535865783691,
        -0.56961989402771,
        -0.5701525807380676,
        -0.5702086687088013,
        -0.5751796960830688,
        -0.5787962675094604,
        -0.5811667442321777,
        -0.584236741065979,
        -0.5839921236038208,
        -0.5847158432006836,
        -0.5850524306297302,
        -0.5860183835029602
    ],
    "shape_loss": [
        -0.35217297077178955,
        -0.45644527673721313,
        -0.5033308267593384,
        -0.5253140330314636,
        -0.538021981716156,
        -0.546519935131073,
        -0.5524197220802307,
        -0.5561264753341675,
        -0.5606465339660645,
        -0.5646811127662659,
        -0.5648103356361389,
        -0.5667538642883301,
        -0.569150447845459,
        -0.570845365524292,
        -0.5716791749000549,
        -0.5739653706550598,
        -0.5747068524360657,
        -0.5763672590255737,
        -0.5768981575965881,
        -0.57695472240448,
        -0.5819262266159058,
        -0.5855422616004944,
        -0.5879184603691101,
        -0.5909850597381592,
        -0.5907451510429382,
        -0.5914635062217712,
        -0.5918070077896118,
        -0.5927695631980896
    ],
    "sum_loss": [
        4.380018711090088,
        3.4225075244903564,
        3.3985188007354736,
        3.391140937805176,
        3.3788886070251465,
        3.3792531490325928,
        3.3765575885772705,
        3.3775200843811035,
        3.375298261642456,
        3.371028423309326,
        3.3709959983825684,
        3.3786420822143555,
        3.371565818786621,
        3.372206926345825,
        3.374324083328247,
        3.3753697872161865,
        3.375425100326538,
        3.3739047050476074,
        3.373746871948242,
        3.3736724853515625,
        3.3728041648864746,
        3.3728175163269043,
        3.3755393028259277,
        3.373769760131836,
        3.376513957977295,
        3.373554229736328,
        3.3754189014434814,
        3.3742332458496094
    ],
    "shape_corr": [
        0.17935548722743988,
        0.24951325356960297,
        0.28422436118125916,
        0.3007938265800476,
        0.31066983938217163,
        0.31714731454849243,
        0.32135385274887085,
        0.32430243492126465,
        0.32763051986694336,
        0.33090054988861084,
        0.33135777711868286,
        0.33296507596969604,
        0.3345317244529724,
        0.3358320891857147,
        0.3385906517505646,
        0.3404862582683563,
        0.3409823477268219,
        0.34413909912109375,
        0.3427243232727051,
        0.3437727093696594,
        0.34961801767349243,
        0.35612136125564575,
        0.36070361733436584,
        0.36707618832588196,
        0.3666430711746216,
        0.3659324049949646,
        0.36516332626342773,
        0.36577653884887695
    ],
    "val_loss": [
        -0.3874644339084625,
        -0.4658679664134979,
        -0.51259446144104,
        -0.5240931510925293,
        -0.5434879660606384,
        -0.5443289279937744,
        -0.553869903087616,
        -0.5519261360168457,
        -0.5435143113136292,
        -0.5567691326141357,
        -0.5543455481529236,
        -0.5601184964179993,
        -0.571121871471405,
        -0.5637224912643433,
        -0.5669134259223938,
        -0.5674959421157837,
        -0.5547493696212769,
        -0.575712263584137,
        -0.5747017860412598,
        -0.5676394701004028,
        -0.5686659216880798,
        -0.5639126300811768,
        -0.5478069186210632,
        -0.5555633902549744,
        -0.5672213435173035,
        -0.5672186613082886,
        -0.5618879199028015,
        -0.5655977725982666
    ],
    "val_shape_loss": [
        -0.3890799582004547,
        -0.46740713715553284,
        -0.5143721103668213,
        -0.5262062549591064,
        -0.5446313619613647,
        -0.5460922718048096,
        -0.5551986694335938,
        -0.5565142631530762,
        -0.5565300583839417,
        -0.5659438371658325,
        -0.5620294213294983,
        -0.5617557764053345,
        -0.572600781917572,
        -0.5648778676986694,
        -0.5701926350593567,
        -0.5695249438285828,
        -0.5644841194152832,
        -0.5767569541931152,
        -0.5758562088012695,
        -0.5773142576217651,
        -0.5748050808906555,
        -0.5732957124710083,
        -0.564947247505188,
        -0.566786527633667,
        -0.570164680480957,
        -0.5690506100654602,
        -0.5632522106170654,
        -0.5683009624481201
    ],
    "val_sum_loss": [
        0.8080036640167236,
        0.7694727778434753,
        0.88874351978302,
        1.0563925504684448,
        0.5716355443000793,
        0.8816878795623779,
        0.664647102355957,
        2.2940268516540527,
        6.5080671310424805,
        4.5876851081848145,
        3.841949939727783,
        0.8183702826499939,
        0.739476203918457,
        0.577366054058075,
        1.639428973197937,
        1.0144000053405762,
        4.8674821853637695,
        0.5220239758491516,
        0.5768455266952515,
        4.837165355682373,
        3.0696661472320557,
        4.691603183746338,
        8.570210456848145,
        5.611613750457764,
        1.4714139699935913,
        0.916318416595459,
        0.6826881766319275,
        1.352134108543396
    ],
    "val_shape_corr": [
        0.19222891330718994,
        0.26616573333740234,
        0.28224360942840576,
        0.2920999825000763,
        0.3125167787075043,
        0.30725687742233276,
        0.32036760449409485,
        0.31970861554145813,
        0.3296409547328949,
        0.3404166102409363,
        0.33736681938171387,
        0.3260195553302765,
        0.33887606859207153,
        0.3392644226551056,
        0.33041951060295105,
        0.32820481061935425,
        0.3407730460166931,
        0.3408118486404419,
        0.34316304326057434,
        0.3506729006767273,
        0.3571068048477173,
        0.3539217412471771,
        0.36478352546691895,
        0.3578438460826874,
        0.36438924074172974,
        0.36764970421791077,
        0.3567683696746826,
        0.3711809515953064
    ]
}