{
    "loss": [
        -0.5080404877662659,
        -0.524405837059021,
        -0.5364419221878052,
        -0.5422987341880798,
        -0.5480334758758545,
        -0.550931990146637,
        -0.5540704131126404,
        -0.5569401979446411,
        -0.5592519044876099,
        -0.5622329115867615,
        -0.5622474551200867,
        -0.5631270408630371,
        -0.5661405324935913,
        -0.5662053823471069,
        -0.563821017742157,
        -0.5694445967674255,
        -0.5732666254043579,
        -0.5767570734024048,
        -0.5787815451622009,
        -0.5799412131309509,
        -0.5833720564842224,
        -0.5835766792297363,
        -0.5847494006156921,
        -0.5855604410171509,
        -0.5860039591789246,
        -0.5860856771469116,
        -0.5874181985855103,
        -0.5877431035041809,
        -0.5891869068145752,
        -0.5885956883430481,
        -0.5850086212158203,
        -0.5872067809104919,
        -0.5896493792533875,
        -0.5860084295272827,
        -0.5862120985984802,
        -0.5863674879074097,
        -0.5888957381248474,
        -0.587944746017456,
        -0.5879159569740295,
        -0.5876606702804565,
        -0.5913259983062744,
        -0.5894637703895569,
        -0.5908163785934448,
        -0.5918093919754028,
        -0.5926869511604309,
        -0.5912168622016907,
        -0.591588020324707,
        -0.5924115180969238,
        -0.5917733311653137,
        -0.59184330701828,
        -0.5929294228553772,
        -0.5937217473983765,
        -0.5922142267227173,
        -0.5905856490135193,
        -0.5939583778381348,
        -0.5930514335632324,
        -0.5925953388214111,
        -0.5915364027023315,
        -0.5912189483642578,
        -0.5924394726753235
    ],
    "shape_loss": [
        -0.514778733253479,
        -0.53114253282547,
        -0.5431733131408691,
        -0.5490177869796753,
        -0.5547617673873901,
        -0.5576594471931458,
        -0.5607887506484985,
        -0.5636546611785889,
        -0.5659682750701904,
        -0.5689387917518616,
        -0.5689600110054016,
        -0.5698358416557312,
        -0.5728541612625122,
        -0.5729088187217712,
        -0.5705276727676392,
        -0.5761696100234985,
        -0.5799763798713684,
        -0.5834716558456421,
        -0.5855037569999695,
        -0.5866532325744629,
        -0.5900645852088928,
        -0.5902777910232544,
        -0.5914615392684937,
        -0.5922630429267883,
        -0.5927063226699829,
        -0.5927918553352356,
        -0.5941335558891296,
        -0.5944465398788452,
        -0.5958877205848694,
        -0.5953031778335571,
        -0.5917104482650757,
        -0.5939058661460876,
        -0.5963547229766846,
        -0.5927165746688843,
        -0.5929021239280701,
        -0.5930661559104919,
        -0.5955920219421387,
        -0.5946477651596069,
        -0.5946142077445984,
        -0.5943647027015686,
        -0.5980305671691895,
        -0.5961642861366272,
        -0.597515344619751,
        -0.5985037684440613,
        -0.5993844270706177,
        -0.5979264974594116,
        -0.5982881188392639,
        -0.5991129875183105,
        -0.5984684824943542,
        -0.598544716835022,
        -0.5996173620223999,
        -0.6004201173782349,
        -0.598909854888916,
        -0.5972878336906433,
        -0.6006597876548767,
        -0.5997437238693237,
        -0.5992946028709412,
        -0.5982445478439331,
        -0.5979106426239014,
        -0.5991423726081848
    ],
    "sum_loss": [
        3.3691177368164062,
        3.3680312633514404,
        3.3652701377868652,
        3.359143018722534,
        3.365260601043701,
        3.363405227661133,
        3.360029458999634,
        3.3558762073516846,
        3.3577020168304443,
        3.3530633449554443,
        3.3556337356567383,
        3.355306386947632,
        3.35603928565979,
        3.3513004779815674,
        3.3538405895233154,
        3.3619437217712402,
        3.354461908340454,
        3.3572912216186523,
        3.360631227493286,
        3.3551065921783447,
        3.346745491027832,
        3.3509840965270996,
        3.3561384677886963,
        3.3527259826660156,
        3.3518483638763428,
        3.3525009155273438,
        3.3560633659362793,
        3.350707530975342,
        3.3510942459106445,
        3.3537113666534424,
        3.3512580394744873,
        3.3499464988708496,
        3.352287530899048,
        3.3554306030273438,
        3.346808671951294,
        3.3510961532592773,
        3.348106861114502,
        3.35109281539917,
        3.351787805557251,
        3.3515236377716064,
        3.353088140487671,
        3.350435256958008,
        3.348743200302124,
        3.3471531867980957,
        3.3484718799591064,
        3.3538248538970947,
        3.3496322631835938,
        3.3502635955810547,
        3.3487796783447266,
        3.3508851528167725,
        3.344733715057373,
        3.350010871887207,
        3.3460452556610107,
        3.3508269786834717,
        3.350358724594116,
        3.345857858657837,
        3.3507163524627686,
        3.352792978286743,
        3.3460395336151123,
        3.350750207901001
    ],
    "shape_corr": [
        0.3124302923679352,
        0.3229103684425354,
        0.33268555998802185,
        0.3368243873119354,
        0.34113016724586487,
        0.3423495292663574,
        0.34526219964027405,
        0.34647756814956665,
        0.3470252454280853,
        0.3495495617389679,
        0.3480372428894043,
        0.34838494658470154,
        0.348702609539032,
        0.34628212451934814,
        0.34232670068740845,
        0.3453814387321472,
        0.3523664176464081,
        0.35809698700904846,
        0.36285021901130676,
        0.36586788296699524,
        0.36987343430519104,
        0.37279844284057617,
        0.37496650218963623,
        0.3759459853172302,
        0.378304123878479,
        0.37893441319465637,
        0.3816355764865875,
        0.3851405680179596,
        0.38773468136787415,
        0.39003920555114746,
        0.39070597290992737,
        0.39495372772216797,
        0.3992181718349457,
        0.39765113592147827,
        0.39839228987693787,
        0.3983607888221741,
        0.40213820338249207,
        0.40196436643600464,
        0.4007863998413086,
        0.4024084806442261,
        0.40532317757606506,
        0.38842496275901794,
        0.39065900444984436,
        0.3916589319705963,
        0.3926011919975281,
        0.3902592957019806,
        0.39308789372444153,
        0.3947778344154358,
        0.3954688310623169,
        0.39548301696777344,
        0.3961348235607147,
        0.39769119024276733,
        0.39584794640541077,
        0.39704909920692444,
        0.398788183927536,
        0.39816728234291077,
        0.40018585324287415,
        0.3991098999977112,
        0.3982539772987366,
        0.40059512853622437
    ],