{
    "loss": [
        -0.3329393267631531,
        -0.4438784718513489,
        -0.49924010038375854,
        -0.5243347883224487,
        -0.5359026193618774,
        -0.5460333824157715,
        -0.5489575266838074,
        -0.5535879731178284,
        -0.5558609962463379,
        -0.5601299405097961,
        -0.5608571767807007,
        -0.5637573003768921,
        -0.5634812712669373,
        -0.5651163458824158,
        -0.5660990476608276,
        -0.5686318278312683,
        -0.5677683353424072,
        -0.5705207586288452,
        -0.5694314241409302,
        -0.5704525113105774,
        -0.5698171257972717,
        -0.5708726644515991,
        -0.5712512135505676,
        -0.5722000598907471,
        -0.5724003314971924,
        -0.5725424885749817,
        -0.5704396367073059,
        -0.5707302689552307,
        -0.5683762431144714,
        -0.5664733648300171,
        -0.5664993524551392,
        -0.5660299062728882,
        -0.5664463043212891,
        -0.5661208033561707,
        -0.565748929977417,
        -0.5656289458274841,
        -0.5663988590240479
    ],
    "shape_loss": [
        -0.3415759801864624,
        -0.4506794512271881,
        -0.5060170888900757,
        -0.531100869178772,
        -0.5426445007324219,
        -0.5527717471122742,
        -0.5557003617286682,
        -0.5603229403495789,
        -0.5625953674316406,
        -0.5668621063232422,
        -0.5675800442695618,
        -0.5704917311668396,
        -0.5702061653137207,
        -0.5718514919281006,
        -0.5728216767311096,
        -0.5753614902496338,
        -0.5744929909706116,
        -0.5772430896759033,
        -0.5761525630950928,
        -0.5771721601486206,
        -0.5765405297279358,
        -0.5775942802429199,
        -0.5779687166213989,
        -0.5789250135421753,
        -0.579120397567749,
        -0.5792576670646667,
        -0.5771576166152954,
        -0.5774474143981934,
        -0.575106680393219,
        -0.5731986165046692,
        -0.5732296109199524,
        -0.5727534294128418,
        -0.5731686949729919,
        -0.5728476643562317,
        -0.5724769234657288,
        -0.5723592638969421,
        -0.5731338858604431
    ],
    "sum_loss": [
        4.317800521850586,
        3.3998589515686035,
        3.3874940872192383,
        3.3827123641967773,
        3.3700709342956543,
        3.3683011531829834,
        3.3694591522216797,
        3.367849349975586,
        3.3660264015197754,
        3.3655178546905518,
        3.36161470413208,
        3.3669192790985107,
        3.3616676330566406,
        3.3654654026031494,
        3.3607611656188965,
        3.362828493118286,
        3.3620691299438477,
        3.361717700958252,
        3.360938310623169,
        3.3608028888702393,
        3.3622586727142334,
        3.360952854156494,
        3.35806941986084,
        3.3629376888275146,
        3.359525203704834,
        3.357343912124634,
        3.358685255050659,
        3.3584043979644775,
        3.3642730712890625,
        3.3632545471191406,
        3.364952325820923,
        3.360487699508667,
        3.362494707107544,
        3.3628716468811035,
        3.363253116607666,
        3.365938425064087,
        3.3676023483276367
    ],
    "shape_corr": [
        0.18277055025100708,
        0.25317713618278503,
        0.296291321516037,
        0.3144361972808838,
        0.3251332640647888,
        0.33374136686325073,
        0.33722853660583496,
        0.34140393137931824,
        0.3429623544216156,
        0.3473477363586426,
        0.34794607758522034,
        0.34983348846435547,
        0.3495667576789856,
        0.35027387738227844,
        0.3521590828895569,
        0.35324594378471375,
        0.3531995415687561,
        0.35479867458343506,
        0.3537813425064087,
        0.35512933135032654,
        0.35406893491744995,
        0.35486891865730286,
        0.3535662591457367,
        0.3534032702445984,
        0.35276004672050476,
        0.35239946842193604,
        0.3481578528881073,
        0.34640979766845703,
        0.34196653962135315,
        0.3394794464111328,
        0.34096184372901917,
        0.34218156337738037,
        0.34294646978378296,
        0.3446480631828308,
        0.34392789006233215,
        0.34861117601394653,
        0.35131487250328064
    ],
    "val_loss": [
        -0.33296307921409607,
        -0.4575671851634979,
        -0.4979323148727417,
        -0.5158088803291321,
        -0.521431028842926,
        -0.5178821682929993,
        -0.5172523856163025,
        -0.530353844165802,
        -0.542521595954895,
        -0.5273824334144592,
        -0.543893039226532,
        -0.5475306510925293,
        -0.5483275651931763,
        -0.5443150401115417,
        -0.544184684753418,
        -0.5460288524627686,
        -0.5376219153404236,
        -0.5448225736618042,
        -0.5499492287635803,
        -0.5516210794448853,
        -0.5536894202232361,
        -0.5516781806945801,
        -0.5397562384605408,
        -0.5510281920433044,
        -0.5570246577262878,
        -0.5521601438522339,
        -0.5587517619132996,
        -0.5481478571891785,
        -0.5562779307365417,
        -0.552753210067749,
        -0.5429815649986267,
        -0.5531520843505859,
        -0.5491815209388733,
        -0.5578114986419678,
        -0.5527330040931702,
        -0.5510260462760925,
        -0.5558120608329773
    ],
    "val_shape_loss": [
        -0.33491870760917664,
        -0.46384820342063904,
        -0.49959248304367065,
        -0.516986608505249,
        -0.5251611471176147,
        -0.5285471081733704,
        -0.5296425819396973,
        -0.5322969555854797,
        -0.5448433756828308,
        -0.5286509990692139,
        -0.5452091097831726,
        -0.5495359301567078,
        -0.5494889616966248,
        -0.5455071926116943,
        -0.5455754995346069,
        -0.5504034757614136,
        -0.545409619808197,
        -0.5483943819999695,
        -0.5512858629226685,
        -0.5529415011405945,
        -0.5550894141197205,
        -0.5575507879257202,
        -0.5532238483428955,
        -0.5558308959007263,
        -0.5594059228897095,
        -0.5545315742492676,
        -0.5600876212120056,
        -0.5583525896072388,
        -0.5606771111488342,
        -0.5556960701942444,
        -0.5543671250343323,
        -0.5602823495864868,
        -0.5528265833854675,
        -0.5599022507667542,
        -0.5624596476554871,
        -0.5612166523933411,
        -0.5630658268928528
    ],
    "val_sum_loss": [
        0.9780426621437073,
        3.1407082080841064,
        0.8297726511955261,
        0.589300811290741,
        1.8658356666564941,
        5.333061218261719,
        6.195220947265625,
        0.9719663262367249,
        1.1606805324554443,
        0.6342805027961731,
        0.6579779386520386,
        1.0021601915359497,
        0.5807934999465942,
        0.5958456993103027,
        0.6955600380897522,
        2.1873257160186768,
        3.8935365676879883,
        1.7860089540481567,
        0.6682717204093933,
        0.659802258014679,
        0.6993650794029236,
        2.9360251426696777,
        6.733859539031982,
        2.4018006324768066,
        1.1906191110610962,
        1.1857056617736816,
        0.6679307818412781,
        5.102280139923096,
        2.1996188163757324,
        1.471129059791565,
        5.693293571472168,
        3.5651280879974365,
        1.8219245672225952,
        1.0453635454177856,
        4.863277912139893,
        5.094863414764404,
        3.627251386642456
    ],