{
    "loss": [
        -0.3360307812690735,
        -0.4513767957687378,
        -0.5031746029853821,
        -0.527660071849823,
        -0.5507853031158447,
        -0.5646442174911499,
        -0.5709514021873474,
        -0.5768558382987976,
        -0.5780123472213745,
        -0.5803414583206177,
        -0.5809903740882874,
        -0.5834904909133911,
        -0.5858296751976013,
        -0.5859522819519043,
        -0.5888867974281311,
        -0.5890183448791504,
        -0.5893537402153015,
        -0.5901203155517578,
        -0.5898833870887756,
        -0.5896722078323364,
        -0.5920401811599731,
        -0.5910550355911255,
        -0.5907175540924072,
        -0.5891811847686768,
        -0.5878706574440002,
        -0.5880898833274841,
        -0.5892987847328186,
        -0.5885288119316101,
        -0.5875836610794067,
        -0.588711142539978,
        -0.5889334678649902,
        -0.5899969935417175,
        -0.5872450470924377,
        -0.5899035930633545,
        -0.5892065167427063,
        -0.589352548122406,
        -0.5895358324050903,
        -0.5889542698860168,
        -0.5904812216758728,
        -0.5913389325141907,
        -0.5905693769454956,
        -0.5906639695167542,
        -0.5921123027801514,
        -0.5903756022453308,
        -0.5899355411529541,
        -0.5910654664039612,
        -0.5907285213470459,
        -0.5911985039710999,
        -0.5925108194351196,
        -0.590278148651123,
        -0.5909093022346497,
        -0.5922150611877441,
        -0.5907846093177795,
        -0.592765748500824,
        -0.5929275155067444,
        -0.5925723314285278,
        -0.5920592546463013,
        -0.5932999849319458,
        -0.5933902859687805,
        -0.5936417579650879,
        -0.5938016772270203,
        -0.5913614630699158
    ],
    "shape_loss": [
        -0.344632089138031,
        -0.4581836760044098,
        -0.5099467635154724,
        -0.5344206690788269,
        -0.5575254559516907,
        -0.5713815093040466,
        -0.5776893496513367,
        -0.5835930705070496,
        -0.5847516655921936,
        -0.5870749354362488,
        -0.5877214074134827,
        -0.5902217030525208,
        -0.5925580859184265,
        -0.5926799178123474,
        -0.5956084728240967,
        -0.5957396030426025,
        -0.5960683226585388,
        -0.5968389511108398,
        -0.596596360206604,
        -0.5963819026947021,
        -0.5987561941146851,
        -0.5977700352668762,
        -0.5974421501159668,
        -0.5958970785140991,
        -0.594582736492157,
        -0.5948010087013245,
        -0.5960041284561157,
        -0.5952582359313965,
        -0.5942922234535217,
        -0.5954298973083496,
        -0.5956436991691589,
        -0.5967062711715698,
        -0.5939562320709229,
        -0.5966047048568726,
        -0.5959188938140869,
        -0.5960515737533569,
        -0.5962357521057129,
        -0.59566330909729,
        -0.5971887707710266,
        -0.5980488657951355,
        -0.5972862839698792,
        -0.5973743200302124,
        -0.5988171100616455,
        -0.5970874428749084,
        -0.5966460704803467,
        -0.5977714657783508,
        -0.5974377393722534,
        -0.5979102253913879,
        -0.5992254614830017,
        -0.596990168094635,
        -0.5976201295852661,
        -0.598933219909668,
        -0.5974952578544617,
        -0.5994758605957031,
        -0.599625289440155,
        -0.5992861390113831,
        -0.5987728238105774,
        -0.6000115871429443,
        -0.6001034379005432,
        -0.6003481149673462,
        -0.6005155444145203,
        -0.5980612635612488
    ],
    "sum_loss": [
        4.300382137298584,
        3.403467893600464,
        3.3857829570770264,
        3.3802387714385986,
        3.3693013191223145,
        3.3677706718444824,
        3.3690547943115234,
        3.36903715133667,
        3.3698387145996094,
        3.3668596744537354,
        3.3645269870758057,
        3.3665456771850586,
        3.3618671894073486,
        3.3647074699401855,
        3.360762596130371,
        3.3610169887542725,
        3.356600284576416,
        3.3590896129608154,
        3.3553755283355713,
        3.355198621749878,
        3.3575057983398438,
        3.358041524887085,
        3.3620920181274414,
        3.3570427894592285,
        3.3555147647857666,
        3.35581111907959,
        3.352839708328247,
        3.364659070968628,
        3.3555052280426025,
        3.359226703643799,
        3.355487585067749,
        3.354262590408325,
        3.3560006618499756,
        3.3519203662872314,
        3.3545610904693604,
        3.3500940799713135,
        3.3489537239074707,
        3.353971004486084,
        3.3526062965393066,
        3.3528823852539062,
        3.359738349914551,
        3.354360342025757,
        3.3516557216644287,
        3.355579137802124,
        3.353742837905884,
        3.352558135986328,
        3.3553287982940674,
        3.356036901473999,
        3.356497049331665,
        3.356159210205078,
        3.355440139770508,
        3.359370708465576,
        3.3553547859191895,
        3.3548583984375,
        3.350594997406006,
        3.356799840927124,
        3.3576531410217285,
        3.3543732166290283,
        3.3564414978027344,
        3.3524363040924072,
        3.356812000274658,
        3.351409912109375
    ],
    "shape_corr": [
        0.1745312511920929,
        0.2546502649784088,
        0.29439204931259155,
        0.3134750723838806,
        0.338485449552536,
        0.36028429865837097,
        0.3708581030368805,
        0.38019075989723206,
        0.383865624666214,
        0.3867625892162323,
        0.3881424367427826,
        0.39102211594581604,
        0.3932851254940033,
        0.39395034313201904,
        0.39663243293762207,
        0.39595669507980347,
        0.3961160480976105,
        0.39621227979660034,
        0.3958211839199066,
        0.39386165142059326,
        0.3950624167919159,
        0.3917531669139862,
        0.38779401779174805,
        0.3822397291660309,
        0.3806110620498657,
        0.3802672028541565,
        0.38327258825302124,
        0.3828301429748535,
        0.3816630244255066,
        0.3841685950756073,
        0.3839581310749054,
        0.3841745853424072,
        0.38299721479415894,
        0.38574329018592834,
        0.3856494724750519,
        0.3855585753917694,
        0.38649484515190125,
        0.38618984818458557,
        0.3884637951850891,
        0.3880345821380615,
        0.3867536187171936,
        0.3883891999721527,
        0.39003556966781616,
        0.38928747177124023,
        0.39008629322052,
        0.391197144985199,
        0.38990524411201477,
        0.3929721713066101,
        0.39373326301574707,
        0.3914962410926819,
        0.3921578824520111,
        0.3946666717529297,
        0.390502005815506,
        0.39309585094451904,
        0.394546240568161,
        0.39480212330818176,
        0.39597538113594055,
        0.39544838666915894,
        0.3955720067024231,
        0.3956315219402313,
        0.3951761722564697,
        0.3953852653503418
    ],