{
    "loss": [
        -0.3455982804298401,
        -0.466667503118515,
        -0.5090007781982422,
        -0.5322285294532776,
        -0.5441238880157471,
        -0.5514634847640991,
        -0.5560859441757202,
        -0.5607818365097046,
        -0.5617958903312683,
        -0.5642842650413513,
        -0.5659852027893066,
        -0.5678783655166626,
        -0.5687570571899414,
        -0.570917010307312,
        -0.5711754560470581,
        -0.5718294382095337,
        -0.5734629034996033,
        -0.5741071105003357,
        -0.5763351321220398,
        -0.5758393406867981,
        -0.576685905456543,
        -0.5767922401428223,
        -0.5773897171020508,
        -0.5780506730079651,
        -0.5783258080482483,
        -0.5788945555686951,
        -0.5791206955909729,
        -0.5792192816734314,
        -0.5800269246101379,
        -0.5811554789543152,
        -0.5803568959236145,
        -0.5806676745414734,
        -0.580644965171814,
        -0.5809703469276428,
        -0.5812183618545532,
        -0.5803099870681763,
        -0.5826334953308105,
        -0.5822888612747192,
        -0.5818383693695068,
        -0.5825082659721375,
        -0.5825520753860474
    ],
    "shape_loss": [
        -0.3542046844959259,
        -0.4734700322151184,
        -0.5157641768455505,
        -0.5389782190322876,
        -0.5508684515953064,
        -0.5582019686698914,
        -0.5628140568733215,
        -0.5675076246261597,
        -0.5685403347015381,
        -0.5710139870643616,
        -0.5727123022079468,
        -0.5746060013771057,
        -0.5754867196083069,
        -0.5776479244232178,
        -0.5779125690460205,
        -0.578554630279541,
        -0.580195963382721,
        -0.5808382630348206,
        -0.5830548405647278,
        -0.5825738310813904,
        -0.5834166407585144,
        -0.5835219025611877,
        -0.584124743938446,
        -0.5847766399383545,
        -0.585050106048584,
        -0.5856407880783081,
        -0.5858423113822937,
        -0.5859479308128357,
        -0.5867459177970886,
        -0.5878854393959045,
        -0.587093710899353,
        -0.5873979330062866,
        -0.5873706936836243,
        -0.5876886248588562,
        -0.5879479646682739,
        -0.5870338678359985,
        -0.5893608927726746,
        -0.5890140533447266,
        -0.5885604619979858,
        -0.5892292857170105,
        -0.5892769694328308
    ],
    "sum_loss": [
        4.302613735198975,
        3.4021832942962646,
        3.3813700675964355,
        3.3749186992645264,
        3.3721442222595215,
        3.3693435192108154,
        3.3651416301727295,
        3.3622798919677734,
        3.3698294162750244,
        3.3641533851623535,
        3.364306688308716,
        3.3634417057037354,
        3.364225387573242,
        3.3652632236480713,
        3.3680288791656494,
        3.3622236251831055,
        3.3662500381469727,
        3.365163803100586,
        3.359745740890503,
        3.366394519805908,
        3.3653149604797363,
        3.3654749393463135,
        3.3670175075531006,
        3.363858699798584,
        3.3616867065429688,
        3.3719053268432617,
        3.360495090484619,
        3.3639440536499023,
        3.3603053092956543,
        3.3662054538726807,
        3.3684563636779785,
        3.3658981323242188,
        3.363687753677368,
        3.3595824241638184,
        3.3644614219665527,
        3.363070487976074,
        3.3625946044921875,
        3.3635854721069336,
        3.3606507778167725,
        3.3609845638275146,
        3.3625545501708984
    ],
    "shape_corr": [
        0.18346090614795685,
        0.2794191837310791,
        0.3103425204753876,
        0.3254604637622833,
        0.3340672552585602,
        0.34044575691223145,
        0.34430959820747375,
        0.3493155539035797,
        0.3513171672821045,
        0.3540402054786682,
        0.3547924757003784,
        0.3563355505466461,
        0.35844099521636963,
        0.3606754243373871,
        0.3608535826206207,
        0.36262795329093933,
        0.3635237216949463,
        0.3637164831161499,
        0.367045521736145,
        0.36634930968284607,
        0.36707448959350586,
        0.36722567677497864,
        0.36851269006729126,
        0.3696102499961853,
        0.3688247501850128,
        0.37083756923675537,
        0.370236337184906,
        0.3694654703140259,
        0.3713613748550415,
        0.37192848324775696,
        0.3703899681568146,
        0.3712367117404938,
        0.3715696334838867,
        0.3712758719921112,
        0.37270158529281616,
        0.3714522123336792,
        0.37340590357780457,
        0.37293654680252075,
        0.37165191769599915,
        0.3727891147136688,
        0.37220531702041626
    ],
    "val_loss": [
        -0.4168148934841156,
        -0.4859691262245178,
        -0.5090301036834717,
        -0.5456705093383789,
        -0.5547767281532288,
        -0.5667018294334412,
        -0.5623209476470947,
        -0.568605899810791,
        -0.5666554570198059,
        -0.5712037086486816,
        -0.571912407875061,
        -0.5725491046905518,
        -0.5645609498023987,
        -0.575959324836731,
        -0.5772929191589355,
        -0.5707423090934753,
        -0.5778675079345703,
        -0.5773060321807861,
        -0.5807477235794067,
        -0.5737191438674927,
        -0.577771008014679,
        -0.5834311842918396,
        -0.5878230929374695,
        -0.5843609571456909,
        -0.5809836983680725,
        -0.5765640139579773,
        -0.5855039954185486,
        -0.5839381814002991,
        -0.5872065424919128,
        -0.5868409872055054,
        -0.5912825465202332,
        -0.5868096947669983,
        -0.5733888149261475,
        -0.5766489505767822,
        -0.5871130228042603,
        -0.5845334529876709,
        -0.5733658075332642,
        -0.585888147354126,
        -0.5892674922943115,
        -0.5883193612098694,
        -0.5902589559555054
    ],
    "val_shape_loss": [
        -0.418643593788147,
        -0.4890564978122711,
        -0.5137110948562622,
        -0.5467721819877625,
        -0.5562031269073486,
        -0.5681288838386536,
        -0.5642524361610413,
        -0.5698872804641724,
        -0.5683435201644897,
        -0.5723372101783752,
        -0.5756305456161499,
        -0.5768947601318359,
        -0.5743788480758667,
        -0.5770356059074402,
        -0.5798686146736145,
        -0.5810146331787109,
        -0.5791123509407043,
        -0.5786792635917664,
        -0.5827155709266663,
        -0.5849778652191162,
        -0.579452395439148,
        -0.5855993032455444,
        -0.5892133712768555,
        -0.5880770087242126,
        -0.583057165145874,
        -0.5882288217544556,
        -0.5868235230445862,
        -0.5856705904006958,
        -0.5902861952781677,
        -0.5879379510879517,
        -0.5927119851112366,
        -0.5890617370605469,
        -0.5922821760177612,
        -0.5913687944412231,
        -0.5915372967720032,
        -0.5857853293418884,
        -0.5871481895446777,
        -0.5918293595314026,
        -0.5922104716300964,
        -0.5910161733627319,
        -0.5949140191078186
    ],