{
    "loss": [
        -0.5040100812911987,
        -0.5240949392318726,
        -0.5346669554710388,
        -0.5405418276786804,
        -0.5466688871383667,
        -0.5488277673721313,
        -0.5530524253845215,
        -0.5553818941116333,
        -0.5579507350921631,
        -0.5587497353553772,
        -0.5616971850395203,
        -0.5603052377700806,
        -0.5631248950958252,
        -0.5662668347358704,
        -0.5646469593048096,
        -0.5654057860374451,
        -0.5663475394248962,
        -0.567031741142273,
        -0.5677656531333923,
        -0.5686240196228027,
        -0.5700474977493286,
        -0.5680148601531982,
        -0.5711480379104614,
        -0.5701090097427368,
        -0.5698065757751465,
        -0.5715575218200684,
        -0.5705513954162598,
        -0.567010760307312,
        -0.5676761865615845,
        -0.5658364295959473,
        -0.5641869902610779,
        -0.5599266290664673,
        -0.5605242848396301,
        -0.5607364177703857,
        -0.5608873963356018,
        -0.5604627728462219,
        -0.5613284111022949,
        -0.5616229772567749,
        -0.5624051690101624,
        -0.5596979856491089
    ],
    "shape_loss": [
        -0.5107905268669128,
        -0.5308616757392883,
        -0.5414263606071472,
        -0.5472992062568665,
        -0.5534199476242065,
        -0.5555725693702698,
        -0.5598023533821106,
        -0.5621215105056763,
        -0.5646889209747314,
        -0.5654909610748291,
        -0.56844162940979,
        -0.5670487880706787,
        -0.5698677897453308,
        -0.5729930996894836,
        -0.5713894367218018,
        -0.5721476078033447,
        -0.5730898380279541,
        -0.573765754699707,
        -0.5745025873184204,
        -0.5753605365753174,
        -0.5767894387245178,
        -0.574759304523468,
        -0.5778875946998596,
        -0.5768532752990723,
        -0.5765422582626343,
        -0.5782958269119263,
        -0.5772846341133118,
        -0.5737631916999817,
        -0.5744117498397827,
        -0.5725756883621216,
        -0.5709125995635986,
        -0.5666611194610596,
        -0.5672683715820312,
        -0.567477285861969,
        -0.5676261186599731,
        -0.5672066807746887,
        -0.5680534243583679,
        -0.5683598518371582,
        -0.5691467523574829,
        -0.5664330124855042
    ],
    "sum_loss": [
        3.3896408081054688,
        3.3822808265686035,
        3.3788716793060303,
        3.380089521408081,
        3.3750860691070557,
        3.3724420070648193,
        3.3728487491607666,
        3.3700363636016846,
        3.368925094604492,
        3.371732473373413,
        3.371971368789673,
        3.3718810081481934,
        3.370891809463501,
        3.3646020889282227,
        3.370522975921631,
        3.371478319168091,
        3.3691859245300293,
        3.3684334754943848,
        3.368757486343384,
        3.3687288761138916,
        3.371080160140991,
        3.3723838329315186,
        3.3699090480804443,
        3.37180233001709,
        3.3689754009246826,
        3.369534730911255,
        3.3681132793426514,
        3.3766047954559326,
        3.3687384128570557,
        3.369947671890259,
        3.3631458282470703,
        3.367799997329712,
        3.3713598251342773,
        3.3704733848571777,
        3.3707199096679688,
        3.3714733123779297,
        3.3629648685455322,
        3.3679020404815674,
        3.3697855472564697,
        3.3669509887695312
    ],
    "shape_corr": [
        0.2904101014137268,
        0.3046877980232239,
        0.3123231828212738,
        0.3171011209487915,
        0.32213619351387024,
        0.3238818347454071,
        0.3265168070793152,
        0.32894372940063477,
        0.3314341902732849,
        0.3325328528881073,
        0.3337532877922058,
        0.3329104483127594,
        0.3342828154563904,
        0.3378022313117981,
        0.33550891280174255,
        0.337237685918808,
        0.33681878447532654,
        0.338326096534729,
        0.3393593728542328,
        0.33819788694381714,
        0.33994948863983154,
        0.3389345705509186,
        0.33954545855522156,
        0.34041881561279297,
        0.33778437972068787,
        0.33954930305480957,
        0.33583876490592957,
        0.3311194181442261,
        0.3302430510520935,
        0.3234943449497223,
        0.3205440640449524,
        0.31523898243904114,
        0.31701013445854187,
        0.3191709816455841,
        0.31860822439193726,
        0.3184126317501068,
        0.31905397772789,
        0.31714382767677307,
        0.31933245062828064,
        0.31900978088378906
    ],
    "val_loss": [
        -0.5260677337646484,
        -0.5443125367164612,
        -0.5496870875358582,
        -0.5639313459396362,
        -0.5690222978591919,
        -0.5726897716522217,
        -0.5765860080718994,
        -0.5744116306304932,
        -0.5744941234588623,
        -0.5742635130882263,
        -0.5844423770904541,
        -0.5823116302490234,
        -0.5808902978897095,
        -0.5847095847129822,
        -0.5886398553848267,
        -0.5823586583137512,
        -0.5798380970954895,
        -0.5867685675621033,
        -0.5864822268486023,
        -0.5933669805526733,
        -0.5842517614364624,
        -0.5870715975761414,
        -0.593186616897583,
        -0.5948184728622437,
        -0.5919275283813477,
        -0.5929124355316162,
        -0.5950037240982056,
        -0.588383138179779,
        -0.5911464691162109,
        -0.5988423228263855,
        -0.5909109115600586,
        -0.5964576005935669,
        -0.5972766280174255,
        -0.5973638892173767,
        -0.5949117541313171,
        -0.5937872529029846,
        -0.5918241143226624,
        -0.5944362282752991,
        -0.5915533304214478,
        -0.594428300857544
    ],
    "val_shape_loss": [
        -0.5280377864837646,
        -0.5457170605659485,
        -0.5510110855102539,
        -0.56507807970047,
        -0.5702955722808838,
        -0.5739769339561462,
        -0.5777773261070251,
        -0.5769012570381165,
        -0.5786970853805542,
        -0.5754116773605347,
        -0.5856045484542847,
        -0.5834343433380127,
        -0.5820544958114624,
        -0.5858702659606934,
        -0.5897926092147827,
        -0.5847852230072021,
        -0.5886790156364441,
        -0.588430643081665,
        -0.5878059267997742,
        -0.595648467540741,
        -0.5931525230407715,
        -0.5911377668380737,
        -0.5978524684906006,
        -0.596747100353241,
        -0.5973100066184998,
        -0.5948284268379211,
        -0.5963795185089111,
        -0.5939383506774902,
        -0.5923154950141907,
        -0.6000480651855469,
        -0.5924189686775208,
        -0.6027539372444153,
        -0.5997079014778137,
        -0.5995352864265442,
        -0.5980757474899292,
        -0.5952445268630981,
        -0.5929816365242004,
        -0.5955334305763245,
        -0.5927167534828186,
        -0.5955867171287537
    ],