{
    "loss": [
        -0.3519822359085083,
        -0.4846910834312439,
        -0.5229010581970215,
        -0.536669909954071,
        -0.5461261868476868,
        -0.5533585548400879,
        -0.5572155117988586,
        -0.5605307221412659,
        -0.5617545247077942,
        -0.5650456547737122,
        -0.5644765496253967,
        -0.5662096738815308,
        -0.5685368776321411,
        -0.5682432055473328,
        -0.5693918466567993,
        -0.5716438889503479,
        -0.5703108310699463,
        -0.5681695938110352,
        -0.5655073523521423,
        -0.5667290687561035,
        -0.5674763917922974,
        -0.5678383111953735,
        -0.5661986470222473,
        -0.5644221305847168,
        -0.56586754322052,
        -0.5657875537872314,
        -0.5655774474143982,
        -0.5666455626487732,
        -0.5669240355491638,
        -0.566572368144989,
        -0.5680306553840637,
        -0.5681938529014587,
        -0.5698233842849731,
        -0.5694485306739807,
        -0.5693501830101013,
        -0.5703840255737305,
        -0.5695655345916748,
        -0.569206953048706,
        -0.5707706212997437,
        -0.5734221339225769,
        -0.5748584270477295,
        -0.574806272983551,
        -0.5761796236038208,
        -0.5798519253730774,
        -0.581387460231781,
        -0.5820437073707581,
        -0.5825496912002563,
        -0.5840160846710205,
        -0.5828807353973389,
        -0.5861197113990784,
        -0.5863947868347168,
        -0.5817263722419739,
        -0.5807607769966125,
        -0.5858360528945923
    ],
    "shape_loss": [
        -0.3605767786502838,
        -0.49151042103767395,
        -0.5296820998191833,
        -0.5434432625770569,
        -0.5528830885887146,
        -0.5601076483726501,
        -0.5639640092849731,
        -0.5672850608825684,
        -0.5684983730316162,
        -0.5717856884002686,
        -0.5712246298789978,
        -0.5729570388793945,
        -0.5752829313278198,
        -0.5749930143356323,
        -0.5761260986328125,
        -0.5783956050872803,
        -0.5770484805107117,
        -0.5749121904373169,
        -0.5722563862800598,
        -0.5734675526618958,
        -0.5742294192314148,
        -0.5745851397514343,
        -0.5729495286941528,
        -0.5711779594421387,
        -0.5726226568222046,
        -0.5725387930870056,
        -0.5723294019699097,
        -0.5734025835990906,
        -0.5736743807792664,
        -0.5733253359794617,
        -0.5747849941253662,
        -0.5749486088752747,
        -0.5765769481658936,
        -0.5762008428573608,
        -0.5761046409606934,
        -0.5771356821060181,
        -0.5763179659843445,
        -0.5759690999984741,
        -0.57752925157547,
        -0.5801775455474854,
        -0.5816136598587036,
        -0.5815783739089966,
        -0.582944393157959,
        -0.5866120457649231,
        -0.5881471037864685,
        -0.5888057351112366,
        -0.5893200039863586,
        -0.5907797813415527,
        -0.5896375775337219,
        -0.592881977558136,
        -0.5931532382965088,
        -0.5884894132614136,
        -0.5875243544578552,
        -0.5925871133804321
    ],
    "sum_loss": [
        4.297534465789795,
        3.409214496612549,
        3.390199899673462,
        3.386688232421875,
        3.3789563179016113,
        3.3750624656677246,
        3.375429153442383,
        3.378406524658203,
        3.372954845428467,
        3.370887041091919,
        3.375383138656616,
        3.37351393699646,
        3.371591806411743,
        3.375187397003174,
        3.368023157119751,
        3.3765487670898438,
        3.369357109069824,
        3.3737754821777344,
        3.3744843006134033,
        3.369129180908203,
        3.376934289932251,
        3.374793529510498,
        3.375253915786743,
        3.378918170928955,
        3.3784282207489014,
        3.3761518001556396,
        3.374589443206787,
        3.377777099609375,
        3.376709222793579,
        3.375410795211792,
        3.376981258392334,
        3.3779678344726562,
        3.3768935203552246,
        3.376189947128296,
        3.378953456878662,
        3.3752527236938477,
        3.3761403560638428,
        3.3812196254730225,
        3.379091262817383,
        3.378598928451538,
        3.377762794494629,
        3.3851921558380127,
        3.382298469543457,
        3.380185127258301,
        3.381162643432617,
        3.3805487155914307,
        3.384488344192505,
        3.3815324306488037,
        3.377148389816284,
        3.381472110748291,
        3.3780593872070312,
        3.381821870803833,
        3.382096529006958,
        3.3767194747924805
    ],
    "shape_corr": [
        0.1867099404335022,
        0.28999772667884827,
        0.3226243853569031,
        0.3354038894176483,
        0.34415969252586365,
        0.3503548204898834,
        0.35308459401130676,
        0.3563387095928192,
        0.35687166452407837,
        0.3608400523662567,
        0.36019548773765564,
        0.3614535331726074,
        0.3624315559864044,
        0.3623640835285187,
        0.3624413013458252,
        0.3628745675086975,
        0.36079904437065125,
        0.35414761304855347,
        0.3515956997871399,
        0.3515792489051819,
        0.3523620665073395,
        0.3531337380409241,
        0.3532103896141052,
        0.3478156626224518,
        0.3441094756126404,
        0.3473188281059265,
        0.3476457893848419,
        0.3501555025577545,
        0.34847164154052734,
        0.3494162857532501,
        0.3525441884994507,
        0.35222044587135315,
        0.35504353046417236,
        0.3555721640586853,
        0.35492855310440063,
        0.3570946156978607,
        0.3552130162715912,
        0.35591748356819153,
        0.3581649661064148,
        0.3603493869304657,
        0.36364781856536865,
        0.36639806628227234,
        0.37144821882247925,
        0.3765798807144165,
        0.3797539174556732,
        0.38207319378852844,
        0.38632068037986755,
        0.38901442289352417,
        0.39039844274520874,
        0.3922441601753235,
        0.39781901240348816,
        0.3950740396976471,
        0.39912325143814087,
        0.40301573276519775
    ],
    "val_loss": [
        -0.4089883267879486,
        -0.4947730004787445,
        -0.5237551927566528,
        -0.5344153046607971,
        -0.5435462594032288,
        -0.5477787852287292,
        -0.5441486239433289,
        -0.549435555934906,
        -0.552861750125885,
        -0.5530834197998047,
        -0.5551542043685913,
        -0.5490937232971191,
        -0.5561130046844482,
        -0.5527475476264954,
        -0.5400933027267456,
        -0.5521867871284485,
        -0.5564613342285156,
        -0.5478570461273193,
        -0.5547361969947815,
        -0.5534875988960266,
        -0.5429903864860535,
        -0.5634171962738037,
        -0.5416767001152039,
        -0.5438307523727417,
        -0.5473201870918274,
        -0.5586050152778625,
        -0.5565241575241089,
        -0.5364731550216675,
        -0.5532558560371399,
        -0.551099419593811,
        -0.5674976110458374,
        -0.5651587247848511,
        -0.5674557685852051,
        -0.5571401715278625,
        -0.5422144532203674,
        -0.5661042332649231,
        -0.5617039799690247,
        -0.561502993106842,
        -0.5722684860229492,
        -0.5670233964920044,
        -0.5527044534683228,
        -0.5720876455307007,
        -0.5717577338218689,
        -0.5821962356567383,
        -0.5642789006233215,
        -0.5820180177688599,
        -0.5603235960006714,
        -0.5807133316993713,
        -0.5603430271148682,
        -0.5775806903839111,
        -0.5575076937675476,
        -0.5649834275245667,
        -0.5736085176467896,
        -0.566577136516571
    ],