{
    "loss": [
        -0.3323487341403961,
        -0.45370742678642273,
        -0.5146549344062805,
        -0.5343953371047974,
        -0.5509644150733948,
        -0.5688418745994568,
        -0.575629472732544,
        -0.5798100829124451,
        -0.5853405594825745,
        -0.5881595611572266,
        -0.5887488722801208,
        -0.5892123579978943,
        -0.5912411212921143,
        -0.5917267203330994
    ],
    "shape_loss": [
        -0.34094834327697754,
        -0.4605303108692169,
        -0.5214325189590454,
        -0.541161835193634,
        -0.5577300786972046,
        -0.575597882270813,
        -0.5823847055435181,
        -0.5865641832351685,
        -0.5920952558517456,
        -0.5948978662490845,
        -0.5954738855361938,
        -0.5959545969963074,
        -0.5979639291763306,
        -0.5984495878219604
    ],
    "sum_loss": [
        4.300487995147705,
        3.411486864089966,
        3.389435052871704,
        3.3856499195098877,
        3.3821215629577637,
        3.3781747817993164,
        3.3783681392669678,
        3.377565383911133,
        3.376284122467041,
        3.36854887008667,
        3.3635787963867188,
        3.370678424835205,
        3.361356258392334,
        3.361685037612915
    ],
    "shape_corr": [
        0.17515350878238678,
        0.26519423723220825,
        0.31414124369621277,
        0.32850754261016846,
        0.34612879157066345,
        0.37236514687538147,
        0.38432443141937256,
        0.39205536246299744,
        0.39908429980278015,
        0.4012843370437622,
        0.40311411023139954,
        0.4025596082210541,
        0.4033534526824951,
        0.4020617604255676
    ],
    "val_loss": [
        -0.3795929551124573,
        -0.4931083023548126,
        -0.5190860033035278,
        -0.5315608978271484,
        -0.5097224712371826,
        -0.49892592430114746,
        -0.46241217851638794,
        -0.4802301228046417,
        -0.5124214291572571,
        -0.5014702081680298,
        -0.47861093282699585,
        -0.494233101606369,
        -0.5265938639640808,
        -0.5175542235374451
    ],
    "val_shape_loss": [
        -0.3904177248477936,
        -0.49466198682785034,
        -0.5275315046310425,
        -0.5334974527359009,
        -0.5121816992759705,
        -0.5053988099098206,
        -0.4660097658634186,
        -0.48148632049560547,
        -0.5138794183731079,
        -0.5222324728965759,
        -0.4949953258037567,
        -0.5031798481941223,
        -0.5298799872398376,
        -0.537886917591095
    ],
    "val_sum_loss": [
        5.412197113037109,
        0.7769865393638611,
        4.222406387329102,
        0.9678494334220886,
        1.2295511960983276,
        3.236628770828247,
        1.7989590167999268,
        0.6280039548873901,
        0.7292965054512024,
        10.380621910095215,
        8.19239330291748,
        4.4730353355407715,
        1.6435844898223877,
        10.166685104370117
    ],
    "val_shape_corr": [
        0.2068544626235962,
        0.2909150719642639,
        0.3186778128147125,
        0.33258670568466187,
        0.3152601420879364,
        0.3348434567451477,
        0.3155808448791504,
        0.3280324935913086,
        0.36260515451431274,
        0.37163251638412476,
        0.3527580499649048,
        0.36358073353767395,
        0.37364521622657776,
        0.3904559314250946
    ]
}