{
    "loss": [
        -0.509514331817627,
        -0.5305851101875305,
        -0.5387597680091858,
        -0.5447609424591064,
        -0.5516231060028076,
        -0.5538333654403687,
        -0.5573786497116089,
        -0.5603621006011963,
        -0.5599848031997681,
        -0.5614052414894104,
        -0.5634300112724304,
        -0.565117359161377,
        -0.5658113956451416,
        -0.5674073100090027,
        -0.5670425891876221,
        -0.5689737796783447,
        -0.570340633392334,
        -0.5696382522583008,
        -0.570710301399231,
        -0.5705224275588989,
        -0.5712644457817078,
        -0.5717331171035767,
        -0.5726485848426819,
        -0.5747409462928772,
        -0.578163743019104,
        -0.5800909399986267,
        -0.5838159322738647,
        -0.5842167139053345,
        -0.5846790075302124,
        -0.5843089818954468,
        -0.5844658613204956,
        -0.5830456614494324,
        -0.5824176073074341,
        -0.585821270942688,
        -0.5840194225311279,
        -0.5860884785652161
    ],
    "shape_loss": [
        -0.5162731409072876,
        -0.537335216999054,
        -0.5455042719841003,
        -0.5515019297599792,
        -0.558353066444397,
        -0.560564398765564,
        -0.5640925168991089,
        -0.5670899152755737,
        -0.5667024850845337,
        -0.568118155002594,
        -0.5701514482498169,
        -0.5718403458595276,
        -0.5725309252738953,
        -0.5741367936134338,
        -0.5737715363502502,
        -0.5756927728652954,
        -0.5770557522773743,
        -0.5763620138168335,
        -0.5774354338645935,
        -0.5772425532341003,
        -0.5779874920845032,
        -0.5784494876861572,
        -0.5793688297271729,
        -0.5814764499664307,
        -0.5849000811576843,
        -0.5868234038352966,
        -0.5905542969703674,
        -0.5909419655799866,
        -0.5914066433906555,
        -0.5910509824752808,
        -0.5912032127380371,
        -0.589779794216156,
        -0.5891508460044861,
        -0.5925526022911072,
        -0.5907581448554993,
        -0.5928274989128113
    ],
    "sum_loss": [
        3.379826545715332,
        3.3744394779205322,
        3.3731610774993896,
        3.371259927749634,
        3.364516496658325,
        3.3663299083709717,
        3.356722831726074,
        3.363093852996826,
        3.359210968017578,
        3.356973171234131,
        3.3604278564453125,
        3.3618414402008057,
        3.3592689037323,
        3.3655030727386475,
        3.363301992416382,
        3.3593387603759766,
        3.3584675788879395,
        3.361865520477295,
        3.362997531890869,
        3.359849452972412,
        3.3625237941741943,
        3.3595902919769287,
        3.3593130111694336,
        3.368129253387451,
        3.3668384552001953,
        3.3666586875915527,
        3.369905710220337,
        3.3629708290100098,
        3.3628478050231934,
        3.371824026107788,
        3.368849754333496,
        3.3669283390045166,
        3.365882158279419,
        3.365943670272827,
        3.370083808898926,
        3.3696417808532715
    ],
    "shape_corr": [
        0.29335349798202515,
        0.30875441431999207,
        0.3153586983680725,
        0.3206014931201935,
        0.3259700536727905,
        0.32822149991989136,
        0.3306533098220825,
        0.33297184109687805,
        0.33368033170700073,
        0.33406907320022583,
        0.3354053795337677,
        0.33632075786590576,
        0.33674895763397217,
        0.33812814950942993,
        0.33709853887557983,
        0.33801454305648804,
        0.33853450417518616,
        0.3385685682296753,
        0.33776265382766724,
        0.33731213212013245,
        0.3381541669368744,
        0.3378640115261078,
        0.3375396728515625,
        0.3385590612888336,
        0.34459003806114197,
        0.3493587076663971,
        0.35501328110694885,
        0.35562312602996826,
        0.357292503118515,
        0.3561260998249054,
        0.3553858995437622,
        0.35385507345199585,
        0.3534069359302521,
        0.3584280014038086,
        0.35805633664131165,
        0.3618030548095703
    ],
    "val_loss": [
        -0.5234864354133606,
        -0.5492138266563416,
        -0.5525541305541992,
        -0.5557214021682739,
        -0.5539910197257996,
        -0.5611714124679565,
        -0.5649724006652832,
        -0.5722773671150208,
        -0.5717328190803528,
        -0.5706547498703003,
        -0.5631939768791199,
        -0.567498505115509,
        -0.5777614712715149,
        -0.5774276256561279,
        -0.5767037272453308,
        -0.5664390325546265,
        -0.5609205365180969,
        -0.579768717288971,
        -0.5776022672653198,
        -0.5754645466804504,
        -0.577789843082428,
        -0.5822917819023132,
        -0.5723649263381958,
        -0.5854241251945496,
        -0.5791292786598206,
        -0.5859795212745667,
        -0.5794204473495483,
        -0.5806064605712891,
        -0.5733925104141235,
        -0.5730476379394531,
        -0.5785331130027771,
        -0.5729376673698425,
        -0.5752374529838562,
        -0.5709428191184998,
        -0.5626872181892395,
        -0.5582113265991211
    ],
    "val_shape_loss": [
        -0.5280511975288391,
        -0.5506508350372314,
        -0.554020345211029,
        -0.5570745468139648,
        -0.5660769939422607,
        -0.5623014569282532,
        -0.5664114952087402,
        -0.5736269354820251,
        -0.5728309154510498,
        -0.5796636939048767,
        -0.5751046538352966,
        -0.5777720212936401,
        -0.5791518092155457,
        -0.5785822868347168,
        -0.5802382826805115,
        -0.5734360814094543,
        -0.5717384815216064,
        -0.5810555219650269,
        -0.5811546444892883,
        -0.5765575766563416,
        -0.5788867473602295,
        -0.5834438800811768,
        -0.5775819420814514,
        -0.5865634679794312,
        -0.5803187489509583,
        -0.5878095030784607,
        -0.5890820026397705,
        -0.5820829272270203,
        -0.5863766670227051,
        -0.5761251449584961,
        -0.5800468325614929,
        -0.586399257183075,
        -0.5834272503852844,
        -0.5817579030990601,
        -0.5645723938941956,
        -0.5724490284919739
    ],
    "val_sum_loss": [
        2.2825088500976562,
        0.7189844846725464,
        0.7332025766372681,
        0.6763996481895447,
        6.042799949645996,
        0.5645455121994019,
        0.7195738554000854,
        0.675152599811554,
        0.5487350225448608,
        4.504526138305664,
        5.955298900604248,
        5.136961460113525,
        0.6948829889297485,
        0.5769895911216736,
        1.766608476638794,
        3.4984359741210938,
        5.409243583679199,
        0.6434462070465088,
        1.7762342691421509,
        0.5464984178543091,
        0.5485209226608276,
        0.5758963227272034,
        2.6085968017578125,
        0.5692734718322754,
        0.5946536660194397,
        0.9148390293121338,
        4.830780029296875,
        0.7384843230247498,
        6.4918437004089355,
        1.538655400276184,
        0.7569706439971924,
        6.73063325881958,
        4.095107555389404,
        5.407348155975342,
        0.9423474669456482,
        7.118598461151123
    ],