{
    "loss": [
        -0.3569471538066864,
        -0.469085693359375,
        -0.5054896473884583,
        -0.5222740769386292,
        -0.5386733412742615,
        -0.5615594983100891,
        -0.5736479163169861,
        -0.577329695224762,
        -0.5825016498565674,
        -0.5849814414978027,
        -0.5868493318557739,
        -0.5894380807876587,
        -0.587475597858429,
        -0.5878403782844543,
        -0.5885968208312988,
        -0.5895436406135559,
        -0.5877308249473572,
        -0.5846314430236816,
        -0.5857662558555603,
        -0.58831387758255,
        -0.5876633524894714,
        -0.5872917771339417,
        -0.5869614481925964,
        -0.5865639448165894,
        -0.585474967956543,
        -0.5844790935516357,
        -0.5851932764053345,
        -0.5876902937889099,
        -0.5907741189002991,
        -0.5888212323188782,
        -0.5887559056282043,
        -0.5899267792701721,
        -0.5923129916191101,
        -0.5905552506446838,
        -0.5898058414459229,
        -0.5879988670349121,
        -0.5901226997375488,
        -0.589269757270813,
        -0.5873144865036011,
        -0.5855048894882202,
        -0.5918716192245483,
        -0.5917381644248962,
        -0.5930278301239014,
        -0.5942574739456177,
        -0.5944231748580933,
        -0.5937141180038452,
        -0.5927343368530273,
        -0.59175044298172,
        -0.59340900182724,
        -0.5930953025817871,
        -0.5929327607154846,
        -0.5932021737098694,
        -0.5931899547576904,
        -0.5933997631072998,
        -0.5939501523971558,
        -0.5923357605934143,
        -0.5937251448631287,
        -0.5945988297462463
    ],
    "shape_loss": [
        -0.3656233251094818,
        -0.4759308099746704,
        -0.5122884511947632,
        -0.5290609002113342,
        -0.5454529523849487,
        -0.5683446526527405,
        -0.5804269909858704,
        -0.5841125249862671,
        -0.5892682671546936,
        -0.5917488932609558,
        -0.5936205387115479,
        -0.5962028503417969,
        -0.5942326188087463,
        -0.5945921540260315,
        -0.5953590273857117,
        -0.5963021516799927,
        -0.5944925546646118,
        -0.5913849472999573,
        -0.5925208926200867,
        -0.5950756669044495,
        -0.5944237112998962,
        -0.5940461158752441,
        -0.593715488910675,
        -0.5933209657669067,
        -0.5922449231147766,
        -0.5912414193153381,
        -0.5919397473335266,
        -0.5944470167160034,
        -0.5975319147109985,
        -0.5955770015716553,
        -0.5955119729042053,
        -0.5966843366622925,
        -0.5990666151046753,
        -0.5973165035247803,
        -0.596569836139679,
        -0.5947672128677368,
        -0.5968697667121887,
        -0.5960249900817871,
        -0.5940753817558289,
        -0.5922783613204956,
        -0.5986272692680359,
        -0.5985002517700195,
        -0.5997865200042725,
        -0.6010168194770813,
        -0.6011800765991211,
        -0.6004665493965149,
        -0.5994856953620911,
        -0.5985001921653748,
        -0.6001662015914917,
        -0.5998438000679016,
        -0.599689781665802,
        -0.5999675989151001,
        -0.5999533534049988,
        -0.6001520752906799,
        -0.6007139086723328,
        -0.599094569683075,
        -0.600475549697876,
        -0.6013503670692444
    ],
    "sum_loss": [
        4.337448596954346,
        3.4224815368652344,
        3.3990330696105957,
        3.39363956451416,
        3.3883416652679443,
        3.3919825553894043,
        3.391153573989868,
        3.3918724060058594,
        3.3849244117736816,
        3.3832929134368896,
        3.385866641998291,
        3.3815553188323975,
        3.3781511783599854,
        3.3759889602661133,
        3.3807413578033447,
        3.380161762237549,
        3.3808276653289795,
        3.377136707305908,
        3.3781421184539795,
        3.380040168762207,
        3.379810094833374,
        3.3778018951416016,
        3.3771274089813232,
        3.3800456523895264,
        3.38623046875,
        3.3818013668060303,
        3.3745899200439453,
        3.378995656967163,
        3.379943609237671,
        3.379788637161255,
        3.3761751651763916,
        3.3790698051452637,
        3.3761746883392334,
        3.380380630493164,
        3.3823509216308594,
        3.3838281631469727,
        3.3738245964050293,
        3.378298759460449,
        3.3791792392730713,
        3.385920286178589,
        3.377133369445801,
        3.3815274238586426,
        3.3795278072357178,
        3.3790624141693115,
        3.379000186920166,
        3.375932216644287,
        3.3763058185577393,
        3.3760604858398438,
        3.378361701965332,
        3.3748860359191895,
        3.3790414333343506,
        3.3827788829803467,
        3.380162239074707,
        3.3762803077697754,
        3.3806726932525635,
        3.380922555923462,
        3.3755202293395996,
        3.3773458003997803
    ],
    "shape_corr": [
        0.19222784042358398,
        0.2821400761604309,
        0.3122611343860626,
        0.3268287777900696,
        0.33755335211753845,
        0.3625265061855316,
        0.380090594291687,
        0.3883453607559204,
        0.39277535676956177,
        0.39491504430770874,
        0.395908921957016,
        0.3946090638637543,
        0.38970357179641724,
        0.3859030604362488,
        0.38650262355804443,
        0.38575276732444763,
        0.3872728645801544,
        0.38710150122642517,
        0.3893081247806549,
        0.3950982689857483,
        0.3959471583366394,
        0.3993701636791229,
        0.3971802294254303,
        0.3995276391506195,
        0.39697033166885376,
        0.39615586400032043,
        0.3996136486530304,
        0.401266485452652,
        0.4043635427951813,
        0.40264686942100525,
        0.40390658378601074,
        0.40572014451026917,
        0.41293469071388245,
        0.4080350995063782,
        0.40784141421318054,
        0.40649834275245667,
        0.4096740484237671,
        0.4096583425998688,
        0.40905526280403137,
        0.3974146246910095,
        0.3975170850753784,
        0.3994182050228119,
        0.40259915590286255,
        0.40410277247428894,
        0.40497031807899475,
        0.40387091040611267,
        0.40305179357528687,
        0.40422120690345764,
        0.40653112530708313,
        0.4063321053981781,
        0.40676724910736084,
        0.40861964225769043,
        0.40728989243507385,
        0.40882396697998047,
        0.4085167348384857,
        0.40696677565574646,
        0.40786212682724,
        0.408843457698822
    ],