{
    "loss": [
        -0.33619576692581177,
        -0.40648820996284485,
        -0.4876871407032013,
        -0.5138635635375977,
        -0.5268275737762451,
        -0.536920964717865,
        -0.5447097420692444,
        -0.550599992275238,
        -0.5530632138252258,
        -0.5589808225631714,
        -0.5588531494140625,
        -0.5605632662773132,
        -0.5642114877700806,
        -0.5647546648979187,
        -0.5634433627128601,
        -0.5650143623352051,
        -0.566141664981842,
        -0.5675761699676514,
        -0.5668599605560303,
        -0.5672197341918945,
        -0.5687757730484009,
        -0.566644012928009,
        -0.562561571598053,
        -0.5607848167419434,
        -0.5609304308891296,
        -0.5627221465110779,
        -0.5587652921676636,
        -0.5605754256248474,
        -0.562124490737915,
        -0.5604845285415649,
        -0.5624316334724426,
        -0.5617914795875549,
        -0.5628897547721863,
        -0.5624210834503174,
        -0.5631142854690552,
        -0.5637595057487488,
        -0.5614800453186035,
        -0.5605873465538025,
        -0.5630518794059753,
        -0.5635908246040344,
        -0.5635645389556885,
        -0.564258873462677,
        -0.564081609249115,
        -0.5652525424957275,
        -0.5658599734306335,
        -0.5656189322471619,
        -0.5657749772071838,
        -0.5651910305023193,
        -0.5644795894622803
    ],
    "shape_loss": [
        -0.34488755464553833,
        -0.41332975029945374,
        -0.49444690346717834,
        -0.5206204652786255,
        -0.533577024936676,
        -0.5436546802520752,
        -0.5514473915100098,
        -0.557331383228302,
        -0.5597900152206421,
        -0.5657042264938354,
        -0.5655763745307922,
        -0.5672858357429504,
        -0.570927083492279,
        -0.5714719891548157,
        -0.5701630115509033,
        -0.5717386603355408,
        -0.5728658437728882,
        -0.574297308921814,
        -0.5735899806022644,
        -0.57393878698349,
        -0.5754961371421814,
        -0.573367178440094,
        -0.5692843198776245,
        -0.567505955696106,
        -0.5676572918891907,
        -0.5694437026977539,
        -0.5654921531677246,
        -0.5673017501831055,
        -0.5688465237617493,
        -0.5672100186347961,
        -0.5691477656364441,
        -0.5685175657272339,
        -0.5696098208427429,
        -0.5691465735435486,
        -0.569845974445343,
        -0.5704817771911621,
        -0.568202018737793,
        -0.5673109292984009,
        -0.56978440284729,
        -0.5703102350234985,
        -0.570290207862854,
        -0.5709881782531738,
        -0.570814311504364,
        -0.5719764828681946,
        -0.5725752711296082,
        -0.5723431706428528,
        -0.5724890232086182,
        -0.5719128847122192,
        -0.5712010264396667
    ],
    "sum_loss": [
        4.344989776611328,
        3.420625925064087,
        3.3800437450408936,
        3.378413677215576,
        3.374046564102173,
        3.3662023544311523,
        3.3684518337249756,
        3.3652119636535645,
        3.361912488937378,
        3.361903667449951,
        3.3612818717956543,
        3.3615026473999023,
        3.358104944229126,
        3.3593688011169434,
        3.360685348510742,
        3.361140012741089,
        3.362107038497925,
        3.361495018005371,
        3.3659253120422363,
        3.3600707054138184,
        3.3598546981811523,
        3.3611950874328613,
        3.3616650104522705,
        3.361337423324585,
        3.3638148307800293,
        3.3614742755889893,
        3.364168167114258,
        3.3626723289489746,
        3.3622310161590576,
        3.361570358276367,
        3.357945680618286,
        3.361963987350464,
        3.3602936267852783,
        3.3630311489105225,
        3.366398334503174,
        3.3611791133880615,
        3.3597116470336914,
        3.3618881702423096,
        3.3652215003967285,
        3.359499216079712,
        3.363419532775879,
        3.3635191917419434,
        3.365518569946289,
        3.362189292907715,
        3.358079433441162,
        3.361865758895874,
        3.355755090713501,
        3.3601572513580322,
        3.35949444770813
    ],
    "shape_corr": [
        0.1704566329717636,
        0.21991337835788727,
        0.2759074866771698,
        0.29367905855178833,
        0.30405664443969727,
        0.3146548867225647,
        0.32171082496643066,
        0.326842725276947,
        0.32991379499435425,
        0.33473169803619385,
        0.33466285467147827,
        0.33727121353149414,
        0.34041494131088257,
        0.34228453040122986,
        0.3406890332698822,
        0.34140467643737793,
        0.34234440326690674,
        0.34216123819351196,
        0.3410404622554779,
        0.3399576246738434,
        0.3392259180545807,
        0.3345958888530731,
        0.3266877233982086,
        0.3251059949398041,
        0.32520291209220886,
        0.32793837785720825,
        0.3265053927898407,
        0.32697370648384094,
        0.32727497816085815,
        0.32732608914375305,
        0.3287240266799927,
        0.32680433988571167,
        0.3271995186805725,
        0.3282493054866791,
        0.3297320604324341,
        0.3300204873085022,
        0.3291761875152588,
        0.32992640137672424,
        0.3311164379119873,
        0.3306392431259155,
        0.3292626440525055,
        0.33135777711868286,
        0.3309935927391052,
        0.33143582940101624,
        0.3341119885444641,
        0.33237215876579285,
        0.3320428133010864,
        0.33258959650993347,
        0.3329744040966034
    ],
    "val_loss": [
        -0.28962528705596924,
        -0.4611634314060211,
        -0.50321364402771,
        -0.514262855052948,
        -0.5334265828132629,
        -0.552083432674408,
        -0.5392575860023499,
        -0.5533393621444702,
        -0.5649218559265137,
        -0.5622826814651489,
        -0.5593136548995972,
        -0.569579005241394,
        -0.5729371905326843,
        -0.5685469508171082,
        -0.5700099468231201,
        -0.5712622404098511,
        -0.5740967988967896,
        -0.5775145292282104,
        -0.5589587688446045,
        -0.5749009251594543,
        -0.578146755695343,
        -0.5766717195510864,
        -0.5748669505119324,
        -0.579463541507721,
        -0.5786274075508118,
        -0.5806252360343933,
        -0.5822896957397461,
        -0.5784811973571777,
        -0.5693435072898865,
        -0.5871949195861816,
        -0.5765760540962219,
        -0.5816019773483276,
        -0.578593909740448,
        -0.5692870616912842,
        -0.5837233662605286,
        -0.5855112075805664,
        -0.5844654440879822,
        -0.564953625202179,
        -0.5876290798187256,
        -0.5759126543998718,
        -0.5605688095092773,
        -0.568025529384613,
        -0.578855574131012,
        -0.5803430676460266,
        -0.5591606497764587,
        -0.5665366649627686,
        -0.5830336809158325,
        -0.5702601075172424,
        -0.5799365043640137
    ],