{
    "loss": [
        -0.5636595487594604,
        -0.5730562806129456,
        -0.5787099003791809,
        -0.5827004909515381,
        -0.5849990248680115,
        -0.5878421068191528,
        -0.5894483327865601,
        -0.590787410736084,
        -0.5916224122047424,
        -0.595089316368103,
        -0.5939940810203552,
        -0.5937584638595581,
        -0.5970194935798645,
        -0.5968608856201172,
        -0.5960248112678528,
        -0.5973291397094727,
        -0.5978291630744934,
        -0.598516047000885,
        -0.5972616672515869,
        -0.5986925363540649,
        -0.6000815629959106,
        -0.599821925163269,
        -0.5995606184005737,
        -0.5994595885276794,
        -0.5993334054946899,
        -0.5996389985084534,
        -0.5979677438735962,
        -0.5942552089691162,
        -0.5990226864814758,
        -0.5999156832695007,
        -0.599888265132904,
        -0.5986148118972778,
        -0.5986958742141724,
        -0.5992677807807922,
        -0.5992409586906433,
        -0.5994874238967896,
        -0.5999840497970581,
        -0.5987647175788879,
        -0.5994055867195129,
        -0.6009318232536316,
        -0.5985966920852661,
        -0.6011579632759094,
        -0.5981022715568542,
        -0.5990005731582642,
        -0.6001222133636475,
        -0.6009957194328308,
        -0.5993168354034424,
        -0.6008809208869934,
        -0.6016594767570496,
        -0.6003736257553101,
        -0.5986388325691223,
        -0.6004939079284668
    ],
    "shape_loss": [
        -0.570372462272644,
        -0.5797694325447083,
        -0.5854122638702393,
        -0.5894080400466919,
        -0.5916882157325745,
        -0.594534695148468,
        -0.5961334705352783,
        -0.5974746942520142,
        -0.5983131527900696,
        -0.6017752885818481,
        -0.6006878018379211,
        -0.6004455089569092,
        -0.603699803352356,
        -0.6035402417182922,
        -0.6027045845985413,
        -0.6040168404579163,
        -0.6045081615447998,
        -0.6051948666572571,
        -0.6039406657218933,
        -0.6053726673126221,
        -0.6067517399787903,
        -0.6064992547035217,
        -0.6062344908714294,
        -0.6061317324638367,
        -0.606005072593689,
        -0.6063162088394165,
        -0.6046494245529175,
        -0.6009449362754822,
        -0.6056964993476868,
        -0.6065937876701355,
        -0.6065627336502075,
        -0.6053000688552856,
        -0.6053717136383057,
        -0.605945885181427,
        -0.6059156060218811,
        -0.6061601638793945,
        -0.6066515445709229,
        -0.6054410338401794,
        -0.6060749292373657,
        -0.607613205909729,
        -0.6052684187889099,
        -0.6078402996063232,
        -0.6047751307487488,
        -0.6056726574897766,
        -0.6068094372749329,
        -0.6076655983924866,
        -0.6059946417808533,
        -0.6075448393821716,
        -0.6083253026008606,
        -0.6070524454116821,
        -0.6053138971328735,
        -0.6071667671203613
    ],
    "sum_loss": [
        3.356106758117676,
        3.3556578159332275,
        3.3514018058776855,
        3.3519914150238037,
        3.344964027404785,
        3.345731019973755,
        3.341533660888672,
        3.3429293632507324,
        3.344303607940674,
        3.34369158744812,
        3.3456456661224365,
        3.344115734100342,
        3.339895009994507,
        3.3409385681152344,
        3.3407857418060303,
        3.343597650527954,
        3.3393940925598145,
        3.3392436504364014,
        3.338794231414795,
        3.338656425476074,
        3.3354713916778564,
        3.3378641605377197,
        3.336951732635498,
        3.3357863426208496,
        3.3353476524353027,
        3.338259220123291,
        3.340329647064209,
        3.344102144241333,
        3.3375403881073,
        3.3386940956115723,
        3.3384361267089844,
        3.3423826694488525,
        3.3381190299987793,
        3.3386547565460205,
        3.336406707763672,
        3.3373818397521973,
        3.3358964920043945,
        3.336665391921997,
        3.3354156017303467,
        3.339841842651367,
        3.335585117340088,
        3.3418140411376953,
        3.3373632431030273,
        3.335299491882324,
        3.342439889907837,
        3.3354766368865967,
        3.3376574516296387,
        3.3325865268707275,
        3.3333404064178467,
        3.339844226837158,
        3.336609363555908,
        3.336257219314575
    ],
    "shape_corr": [
        0.3599787950515747,
        0.37829819321632385,
        0.38778427243232727,
        0.3935258388519287,
        0.39659979939460754,
        0.40078458189964294,
        0.4024614095687866,
        0.40376564860343933,
        0.4061671495437622,
        0.4077545404434204,
        0.4075532555580139,
        0.4069034159183502,
        0.40884312987327576,
        0.4071112871170044,
        0.4067020118236542,
        0.40839388966560364,
        0.40862569212913513,
        0.40872907638549805,
        0.40658512711524963,
        0.41010913252830505,
        0.40927091240882874,
        0.40875670313835144,
        0.4054083824157715,
        0.40438514947891235,
        0.4012359082698822,
        0.40215975046157837,
        0.39940792322158813,
        0.39550578594207764,
        0.3998514711856842,
        0.4017319679260254,
        0.4000627100467682,
        0.39826253056526184,
        0.39714518189430237,
        0.39839425683021545,
        0.3974383473396301,
        0.3972896337509155,
        0.3964596688747406,
        0.397436261177063,
        0.397991806268692,
        0.3975279927253723,
        0.396366149187088,
        0.3988203704357147,
        0.39622920751571655,
        0.39717042446136475,
        0.4000953137874603,
        0.39871945977211,
        0.39742666482925415,
        0.4006398916244507,
        0.4011515974998474,
        0.401529461145401,
        0.3987627327442169,
        0.39963996410369873
    ],
    "val_loss": [
        -0.5362357497215271,
        -0.5445833802223206,
        -0.5324702262878418,
        -0.5083117485046387,
        -0.5198978781700134,
        -0.5529947876930237,
        -0.5357553362846375,
        -0.5279132723808289,
        -0.5493630170822144,
        -0.5275586247444153,
        -0.5302642583847046,
        -0.5280143022537231,
        -0.543962836265564,
        -0.552164614200592,
        -0.5240761637687683,
        -0.5624977946281433,
        -0.5407600402832031,
        -0.552496075630188,
        -0.5202314853668213,
        -0.5563430190086365,
        -0.5758634805679321,
        -0.571967363357544,
        -0.5836727619171143,
        -0.5858526229858398,
        -0.5892435312271118,
        -0.5870797634124756,
        -0.562580943107605,
        -0.5646750330924988,
        -0.5829667448997498,
        -0.5906974077224731,
        -0.5872790813446045,
        -0.5759239792823792,
        -0.5912339091300964,
        -0.5769288539886475,
        -0.59698885679245,
        -0.5959295034408569,
        -0.5940967798233032,
        -0.5784133672714233,
        -0.5984941720962524,
        -0.6036189794540405,
        -0.5965896844863892,
        -0.607362687587738,
        -0.6026695370674133,
        -0.5976471900939941,
        -0.594081699848175,
        -0.6008292436599731,
        -0.6025463342666626,
        -0.5938112139701843,
        -0.5745735764503479,
        -0.5896482467651367,
        -0.6050745248794556,
        -0.590713381767273
    ],