{
    "loss": [
        -0.36069148778915405,
        -0.4856020510196686,
        -0.525032103061676,
        -0.5403315424919128,
        -0.5504357814788818,
        -0.5570806860923767,
        -0.5621463060379028,
        -0.566358745098114,
        -0.5665103793144226,
        -0.5717287659645081,
        -0.5707614421844482,
        -0.5737804770469666,
        -0.5752589702606201,
        -0.576785683631897,
        -0.5768282413482666,
        -0.5767726302146912,
        -0.5767078399658203,
        -0.5750868916511536,
        -0.5780884623527527,
        -0.5766549110412598,
        -0.578262448310852,
        -0.5760313272476196,
        -0.5763515830039978,
        -0.5765665769577026,
        -0.5824405550956726,
        -0.5834419131278992,
        -0.5873767137527466,
        -0.5903380513191223,
        -0.5910729169845581,
        -0.5932837724685669,
        -0.5935375690460205,
        -0.5933830142021179,
        -0.5943346619606018,
        -0.5962662696838379,
        -0.5950226187705994,
        -0.5968015193939209,
        -0.5943703651428223,
        -0.5966305136680603,
        -0.5952520370483398,
        -0.5937279462814331,
        -0.5953797698020935,
        -0.596215546131134,
        -0.5981928706169128,
        -0.5953887104988098,
        -0.5960559248924255,
        -0.5976564884185791,
        -0.5948119759559631,
        -0.5955859422683716,
        -0.596064031124115,
        -0.5970435738563538,
        -0.5986317992210388,
        -0.5974019765853882,
        -0.5980195999145508,
        -0.5975301265716553,
        -0.5992806553840637,
        -0.5974818468093872,
        -0.5973597764968872,
        -0.5979589223861694,
        -0.5978837609291077,
        -0.5977538228034973,
        -0.5980361104011536,
        -0.5995894074440002,
        -0.5989126563072205,
        -0.5988973379135132,
        -0.5979837775230408
    ],
    "shape_loss": [
        -0.36932727694511414,
        -0.4923952519893646,
        -0.5317763090133667,
        -0.5470718145370483,
        -0.5571622848510742,
        -0.5638072490692139,
        -0.5688767433166504,
        -0.5730862617492676,
        -0.5732365250587463,
        -0.578450083732605,
        -0.5774821639060974,
        -0.5805079340934753,
        -0.581981360912323,
        -0.5835034251213074,
        -0.5835520625114441,
        -0.5834943056106567,
        -0.5834103226661682,
        -0.581815242767334,
        -0.5847997665405273,
        -0.5833665728569031,
        -0.584974467754364,
        -0.5827465653419495,
        -0.5830646753311157,
        -0.5832819938659668,
        -0.5891589522361755,
        -0.5901619791984558,
        -0.5940948128700256,
        -0.5970501899719238,
        -0.597786545753479,
        -0.599997341632843,
        -0.6002511978149414,
        -0.6000901460647583,
        -0.6010270118713379,
        -0.6029655337333679,
        -0.601716935634613,
        -0.6034999489784241,
        -0.6010841727256775,
        -0.6033357977867126,
        -0.6019545793533325,
        -0.600434422492981,
        -0.6020869016647339,
        -0.6029226183891296,
        -0.604897677898407,
        -0.6020929217338562,
        -0.6027538180351257,
        -0.6043466925621033,
        -0.6015242338180542,
        -0.6022764444351196,
        -0.6027645468711853,
        -0.6037436127662659,
        -0.6053336262702942,
        -0.6040962934494019,
        -0.6047245264053345,
        -0.6042314767837524,
        -0.6059643030166626,
        -0.604178786277771,
        -0.6040596961975098,
        -0.604648232460022,
        -0.604579508304596,
        -0.6044543981552124,
        -0.6047306060791016,
        -0.6062809228897095,
        -0.6056174635887146,
        -0.6055883169174194,
        -0.6046716570854187
    ],
    "sum_loss": [
        4.316941738128662,
        3.3972809314727783,
        3.372067928314209,
        3.370711326599121,
        3.36311936378479,
        3.364001989364624,
        3.3649370670318604,
        3.3638384342193604,
        3.3628463745117188,
        3.360989809036255,
        3.3606247901916504,
        3.363546133041382,
        3.3607003688812256,
        3.358400583267212,
        3.36195969581604,
        3.360419273376465,
        3.352992057800293,
        3.3640379905700684,
        3.355015277862549,
        3.356966257095337,
        3.3550608158111572,
        3.3567047119140625,
        3.3563053607940674,
        3.3575780391693115,
        3.3574352264404297,
        3.359684705734253,
        3.3588547706604004,
        3.355700731277466,
        3.3568313121795654,
        3.3565428256988525,
        3.356173276901245,
        3.3533198833465576,
        3.347527265548706,
        3.3496627807617188,
        3.347306728363037,
        3.349019765853882,
        3.356736660003662,
        3.3530709743499756,
        3.3524539470672607,
        3.3511271476745605,
        3.3529272079467773,
        3.352424144744873,
        3.3515408039093018,
        3.3506710529327393,
        3.3508968353271484,
        3.3458170890808105,
        3.355119228363037,
        3.3463714122772217,
        3.3503870964050293,
        3.3512418270111084,
        3.350593328475952,
        3.346508741378784,
        3.352705717086792,
        3.3520610332489014,
        3.3398120403289795,
        3.348688840866089,
        3.349536180496216,
        3.346550703048706,
        3.347898483276367,
        3.3497154712677,
        3.3465869426727295,
        3.347324848175049,
        3.3524208068847656,
        3.3457555770874023,
        3.3457462787628174
    ],
    "shape_corr": [
        0.19401024281978607,
        0.29452744126319885,
        0.3230147957801819,
        0.3372595012187958,
        0.34779319167137146,
        0.3556355834007263,
        0.3618294596672058,
        0.36675432324409485,
        0.3687473237514496,
        0.37476134300231934,
        0.3740517497062683,
        0.37578901648521423,
        0.37661564350128174,
        0.3783899247646332,
        0.3781891167163849,
        0.37713682651519775,
        0.3751934766769409,
        0.3732452690601349,
        0.3743683993816376,
        0.3703947961330414,
        0.3689328134059906,
        0.3650025725364685,
        0.36141517758369446,
        0.3625445067882538,
        0.36926424503326416,
        0.37236693501472473,
        0.3814490735530853,
        0.385503351688385,
        0.38625678420066833,
        0.3886871933937073,
        0.39020439982414246,
        0.38960474729537964,
        0.3910782039165497,
        0.392618864774704,
        0.3903174102306366,
        0.3929515779018402,
        0.390163779258728,
        0.39159563183784485,
        0.3905881643295288,
        0.38919007778167725,
        0.38937368988990784,
        0.39066049456596375,
        0.39319899678230286,
        0.3907729387283325,
        0.39060381054878235,
        0.3906983435153961,
        0.3883243799209595,
        0.3905191719532013,
        0.3892843723297119,
        0.39088231325149536,
        0.39380428194999695,
        0.3913249671459198,
        0.3937707543373108,
        0.39237216114997864,
        0.3958623707294464,
        0.39562681317329407,
        0.39497295022010803,
        0.3958527147769928,
        0.39549520611763,
        0.39463967084884644,
        0.3954800069332123,
        0.3969016969203949,
        0.3979872763156891,
        0.3988725244998932,
        0.39819589257240295
    ],