{
    "loss": [
        -0.44841864705085754,
        -0.5018678307533264,
        -0.5253255367279053,
        -0.5352680087089539,
        -0.5462548732757568,
        -0.5495008826255798,
        -0.5544349551200867,
        -0.5570356249809265,
        -0.5597612857818604,
        -0.5630204081535339,
        -0.5635629892349243,
        -0.5640863180160522,
        -0.5655802488327026,
        -0.5662397742271423,
        -0.5688216090202332,
        -0.5689559578895569,
        -0.5697036981582642,
        -0.569034218788147,
        -0.5695475935935974,
        -0.5699693560600281,
        -0.5713827013969421,
        -0.5718884468078613,
        -0.5718836188316345,
        -0.5720992088317871,
        -0.5719161033630371,
        -0.5723615288734436,
        -0.5695139765739441,
        -0.5665479898452759,
        -0.5649179220199585,
        -0.5632571578025818,
        -0.5628412365913391,
        -0.5631178617477417,
        -0.5630494356155396,
        -0.5631038546562195,
        -0.5622252821922302,
        -0.560306966304779,
        -0.5651431679725647,
        -0.5640653967857361,
        -0.5647174119949341,
        -0.5643121004104614,
        -0.5640608668327332,
        -0.5640999674797058,
        -0.5649832487106323,
        -0.5650350451469421,
        -0.565605103969574,
        -0.5649768710136414,
        -0.5674199461936951,
        -0.5665939450263977,
        -0.5663705468177795,
        -0.5660303831100464,
        -0.5679643154144287,
        -0.5666521191596985,
        -0.5677449107170105,
        -0.5666353106498718,
        -0.5677793025970459,
        -0.5675365328788757,
        -0.5687253475189209,
        -0.5680958032608032,
        -0.5687524080276489,
        -0.5699681043624878,
        -0.5689426064491272,
        -0.5682948231697083
    ],
    "shape_loss": [
        -0.45521053671836853,
        -0.5086448788642883,
        -0.5320890545845032,
        -0.5420264601707458,
        -0.5530029535293579,
        -0.556250274181366,
        -0.5611670613288879,
        -0.5637715458869934,
        -0.5664892196655273,
        -0.5697369575500488,
        -0.5702783465385437,
        -0.5708116888999939,
        -0.5722972750663757,
        -0.5729480385780334,
        -0.5755384564399719,
        -0.5756567716598511,
        -0.5764281153678894,
        -0.5757526159286499,
        -0.5762659907341003,
        -0.5766931176185608,
        -0.5781042575836182,
        -0.5785925984382629,
        -0.5785976052284241,
        -0.5788102746009827,
        -0.5786316394805908,
        -0.5790643692016602,
        -0.5762317776679993,
        -0.5732604265213013,
        -0.5716354250907898,
        -0.569981575012207,
        -0.5695578455924988,
        -0.5698329210281372,
        -0.5697648525238037,
        -0.5698117017745972,
        -0.5689555406570435,
        -0.5670250654220581,
        -0.5718647241592407,
        -0.5707916617393494,
        -0.5714293122291565,
        -0.5710187554359436,
        -0.5707678198814392,
        -0.570826530456543,
        -0.5717014074325562,
        -0.5717505216598511,
        -0.5723289251327515,
        -0.5716944932937622,
        -0.5741316676139832,
        -0.5733084082603455,
        -0.5730845332145691,
        -0.5727450847625732,
        -0.5746777653694153,
        -0.5733723640441895,
        -0.5744651556015015,
        -0.5733529329299927,
        -0.5744972229003906,
        -0.5742422938346863,
        -0.5754425525665283,
        -0.5748140811920166,
        -0.5754699110984802,
        -0.5766879320144653,
        -0.575656533241272,
        -0.5750049352645874
    ],
    "sum_loss": [
        3.3964641094207764,
        3.3888192176818848,
        3.3818283081054688,
        3.378704309463501,
        3.373955726623535,
        3.3747823238372803,
        3.3676247596740723,
        3.368558883666992,
        3.363337993621826,
        3.358917474746704,
        3.3577990531921387,
        3.363213300704956,
        3.357545852661133,
        3.353555202484131,
        3.358898639678955,
        3.3502542972564697,
        3.361145257949829,
        3.3590004444122314,
        3.36078143119812,
        3.3615481853485107,
        3.3599460124969482,
        3.351764678955078,
        3.3569321632385254,
        3.354973077774048,
        3.358120918273926,
        3.3530399799346924,
        3.35872745513916,
        3.3562848567962646,
        3.360003709793091,
        3.362701416015625,
        3.3569416999816895,
        3.3564841747283936,
        3.358062505722046,
        3.354175567626953,
        3.364431381225586,
        3.357961893081665,
        3.3627612590789795,
        3.361326217651367,
        3.355513334274292,
        3.3534305095672607,
        3.353872776031494,
        3.3623225688934326,
        3.3595590591430664,
        3.3591604232788086,
        3.360177755355835,
        3.3595869541168213,
        3.3548858165740967,
        3.359426736831665,
        3.3569576740264893,
        3.3576622009277344,
        3.3562445640563965,
        3.360020637512207,
        3.3592448234558105,
        3.3593080043792725,
        3.359616994857788,
        3.3540902137756348,
        3.3565144538879395,
        3.3579094409942627,
        3.359316110610962,
        3.3599209785461426,
        3.3568146228790283,
        3.3560104370117188
    ],
    "shape_corr": [
        0.26189368963241577,
        0.304048627614975,
        0.3210541903972626,
        0.3298187553882599,
        0.33826902508735657,
        0.34137871861457825,
        0.3458717465400696,
        0.3488653302192688,
        0.35132279992103577,
        0.35311076045036316,
        0.3542572557926178,
        0.355268269777298,
        0.3565202057361603,
        0.3571891188621521,
        0.3580070436000824,
        0.3592648506164551,
        0.3592229187488556,
        0.3596192002296448,
        0.3588276207447052,
        0.35831770300865173,
        0.3595472574234009,
        0.35979658365249634,
        0.3576626181602478,
        0.3578571081161499,
        0.35635533928871155,
        0.3520788252353668,
        0.3469488322734833,
        0.3425687253475189,
        0.3403681218624115,
        0.33940592408180237,
        0.33902838826179504,
        0.3374972641468048,
        0.33789730072021484,
        0.33852049708366394,
        0.33719104528427124,
        0.3377392590045929,
        0.3414722979068756,
        0.3404563069343567,
        0.33982786536216736,
        0.3406805098056793,
        0.34013083577156067,
        0.3395942747592926,
        0.34105202555656433,
        0.34074053168296814,
        0.34184885025024414,
        0.3423399031162262,
        0.34258314967155457,
        0.3431011736392975,
        0.3438270390033722,
        0.3432973027229309,
        0.34465646743774414,
        0.34420591592788696,
        0.3438608646392822,
        0.34524625539779663,
        0.3445361256599426,
        0.3449470102787018,
        0.34555143117904663,
        0.3442963659763336,
        0.3446057140827179,
        0.34615328907966614,
        0.34557753801345825,
        0.3469139337539673
    ],