{
    "loss": [
        -0.4595840871334076,
        -0.509300708770752,
        -0.5268399715423584,
        -0.5363442897796631,
        -0.5426668524742126,
        -0.547489583492279,
        -0.5502477288246155,
        -0.5548657774925232,
        -0.5544203519821167,
        -0.5569421052932739,
        -0.5576538443565369,
        -0.55977463722229,
        -0.5621225833892822,
        -0.5613680481910706,
        -0.5622450113296509,
        -0.5646639466285706,
        -0.564001739025116,
        -0.5654515027999878,
        -0.5660598278045654,
        -0.5661178231239319,
        -0.5667033195495605,
        -0.5681098103523254,
        -0.5685617327690125,
        -0.5695403814315796,
        -0.5697923302650452,
        -0.5700394511222839,
        -0.5702625513076782,
        -0.5739307403564453,
        -0.5784188508987427,
        -0.5805222988128662,
        -0.5816650986671448,
        -0.5843948125839233,
        -0.5853659510612488,
        -0.5862844586372375,
        -0.5876625180244446,
        -0.5879248380661011,
        -0.5875639915466309,
        -0.5893414616584778,
        -0.5867919921875,
        -0.5873440504074097,
        -0.5865046977996826,
        -0.5830506086349487,
        -0.5833402872085571,
        -0.5828911662101746,
        -0.5828441977500916,
        -0.5824479460716248,
        -0.5829461812973022,
        -0.5827059745788574,
        -0.5837270617485046,
        -0.583562970161438,
        -0.5848732590675354,
        -0.5848970413208008
    ],
    "shape_loss": [
        -0.46639394760131836,
        -0.5160852670669556,
        -0.5336065292358398,
        -0.5431087613105774,
        -0.5494199991226196,
        -0.5542466640472412,
        -0.556988537311554,
        -0.5616070032119751,
        -0.5611690878868103,
        -0.5636882185935974,
        -0.5643932223320007,
        -0.5665126442909241,
        -0.5688652396202087,
        -0.5681118369102478,
        -0.5689765214920044,
        -0.5714054703712463,
        -0.5707325339317322,
        -0.5721977353096008,
        -0.5728048086166382,
        -0.5728501081466675,
        -0.5734466910362244,
        -0.5748420357704163,
        -0.5753026008605957,
        -0.5762787461280823,
        -0.5765412449836731,
        -0.5767723917961121,
        -0.5770071148872375,
        -0.5806775689125061,
        -0.5851626396179199,
        -0.5872608423233032,
        -0.5884112119674683,
        -0.5911290049552917,
        -0.5921021699905396,
        -0.5930219292640686,
        -0.5943910479545593,
        -0.5946550965309143,
        -0.5942920446395874,
        -0.5960685014724731,
        -0.593521237373352,
        -0.5940810441970825,
        -0.5932356119155884,
        -0.5897762775421143,
        -0.5900682806968689,
        -0.5896148681640625,
        -0.5895814299583435,
        -0.589177131652832,
        -0.5896845459938049,
        -0.5894347429275513,
        -0.5904601812362671,
        -0.590292751789093,
        -0.5916075706481934,
        -0.5916303992271423
    ],
    "sum_loss": [
        3.405585527420044,
        3.392324686050415,
        3.383018732070923,
        3.382444381713867,
        3.375819206237793,
        3.378418445587158,
        3.369697332382202,
        3.369957208633423,
        3.3741605281829834,
        3.374246835708618,
        3.3707499504089355,
        3.368854522705078,
        3.371615409851074,
        3.3710412979125977,
        3.366204023361206,
        3.3718252182006836,
        3.3648183345794678,
        3.3726603984832764,
        3.3738784790039062,
        3.3655598163604736,
        3.3722400665283203,
        3.36594820022583,
        3.3698503971099854,
        3.368253469467163,
        3.374220609664917,
        3.366848945617676,
        3.3727660179138184,
        3.3715686798095703,
        3.3720760345458984,
        3.3693079948425293,
        3.372610092163086,
        3.3667521476745605,
        3.3697121143341064,
        3.369856595993042,
        3.3648133277893066,
        3.365116834640503,
        3.3632426261901855,
        3.3609001636505127,
        3.364267587661743,
        3.368495225906372,
        3.3639039993286133,
        3.3623592853546143,
        3.363447904586792,
        3.362696647644043,
        3.3692915439605713,
        3.3648040294647217,
        3.3683552742004395,
        3.3636703491210938,
        3.3655078411102295,
        3.3651657104492188,
        3.3668487071990967,
        3.3669586181640625
    ],
    "shape_corr": [
        0.2659410238265991,
        0.30409136414527893,
        0.3179134428501129,
        0.32533013820648193,
        0.32880303263664246,
        0.3332361578941345,
        0.3346928358078003,
        0.33670443296432495,
        0.33557233214378357,
        0.33812215924263,
        0.3389972746372223,
        0.3389084041118622,
        0.33999237418174744,
        0.3385682702064514,
        0.3402217626571655,
        0.340360164642334,
        0.34073230624198914,
        0.34031111001968384,
        0.3413585424423218,
        0.34172046184539795,
        0.34159421920776367,
        0.34342145919799805,
        0.3427366018295288,
        0.34374549984931946,
        0.3444923758506775,
        0.34439536929130554,
        0.34512725472450256,
        0.3489510715007782,
        0.3573658764362335,
        0.36383718252182007,
        0.3698344826698303,
        0.3747556507587433,
        0.37871140241622925,
        0.38342007994651794,
        0.3849664032459259,
        0.38628852367401123,
        0.38667285442352295,
        0.38731324672698975,
        0.3822847306728363,
        0.38076725602149963,
        0.378274142742157,
        0.37374743819236755,
        0.37441328167915344,
        0.37329423427581787,
        0.3760446608066559,
        0.3750024139881134,
        0.3749935030937195,
        0.3770829439163208,
        0.3769494295120239,
        0.37740564346313477,
        0.3777172565460205,
        0.3786444365978241
    ],
    "val_loss": [
        -0.4877152740955353,
        -0.5182846188545227,
        -0.5387988090515137,
        -0.5447850227355957,
        -0.5477240681648254,
        -0.5588669180870056,
        -0.5466510057449341,
        -0.5600215196609497,
        -0.5586174130439758,
        -0.5646734833717346,
        -0.5644203424453735,
        -0.5575116872787476,
        -0.5651253461837769,
        -0.5735970735549927,
        -0.5726585388183594,
        -0.567957878112793,
        -0.5738768577575684,
        -0.5757598280906677,
        -0.5771008133888245,
        -0.5766436457633972,
        -0.5758607387542725,
        -0.5773389339447021,
        -0.5797672271728516,
        -0.5775396823883057,
        -0.5735394358634949,
        -0.5781745314598083,
        -0.5886659026145935,
        -0.5838828682899475,
        -0.5863360166549683,
        -0.5861924886703491,
        -0.5892677903175354,
        -0.5813130140304565,
        -0.5960984826087952,
        -0.5848633050918579,
        -0.5876145958900452,
        -0.5939677953720093,
        -0.5984122157096863,
        -0.5904690623283386,
        -0.5921082496643066,
        -0.5970540046691895,
        -0.598784327507019,
        -0.6031437516212463,
        -0.6006084680557251,
        -0.5926852226257324,
        -0.5961185693740845,
        -0.5896405577659607,
        -0.594804048538208,
        -0.5963008999824524,
        -0.5940751433372498,
        -0.5966041088104248,
        -0.5999011397361755,
        -0.5948410630226135
    ],