{
    "loss": [
        -0.3447627127170563,
        -0.46193334460258484,
        -0.5140079855918884,
        -0.5308564901351929,
        -0.5402663350105286,
        -0.5491001605987549,
        -0.5533519387245178,
        -0.5570808053016663,
        -0.5625427961349487,
        -0.562978208065033,
        -0.5658640265464783,
        -0.5678243637084961,
        -0.56758713722229,
        -0.5699354410171509,
        -0.5695897936820984,
        -0.5712361931800842,
        -0.5682819485664368,
        -0.5678430795669556,
        -0.5667979121208191,
        -0.5672495365142822,
        -0.5674902200698853,
        -0.5694015026092529,
        -0.5683202743530273,
        -0.5687815546989441,
        -0.5686556100845337,
        -0.570127546787262,
        -0.5703558921813965,
        -0.5717985033988953,
        -0.5708450675010681,
        -0.5694406032562256,
        -0.5720511078834534,
        -0.5702623724937439,
        -0.5709192156791687,
        -0.5729871988296509,
        -0.5733541250228882,
        -0.5735380053520203,
        -0.5771361589431763,
        -0.5782337188720703,
        -0.577759325504303,
        -0.5811364054679871,
        -0.5806311368942261,
        -0.5823168158531189,
        -0.5817257761955261,
        -0.5846207737922668,
        -0.5842235684394836,
        -0.5850604772567749
    ],
    "shape_loss": [
        -0.3535137474536896,
        -0.4687543511390686,
        -0.520786464214325,
        -0.5376193523406982,
        -0.5470274686813354,
        -0.5558457970619202,
        -0.5601000785827637,
        -0.5638291835784912,
        -0.569293737411499,
        -0.5697292685508728,
        -0.5726068615913391,
        -0.5745702981948853,
        -0.5743339657783508,
        -0.5766865015029907,
        -0.5763393044471741,
        -0.5779780745506287,
        -0.5750291347503662,
        -0.5745878219604492,
        -0.5735458135604858,
        -0.5739975571632385,
        -0.574237048625946,
        -0.5761445760726929,
        -0.5750634074211121,
        -0.5755131244659424,
        -0.5753892064094543,
        -0.5768645405769348,
        -0.5771084427833557,
        -0.5785360932350159,
        -0.5775883793830872,
        -0.5761886835098267,
        -0.5787888169288635,
        -0.5770021080970764,
        -0.577660858631134,
        -0.57973313331604,
        -0.5800942182540894,
        -0.5802810192108154,
        -0.5838797092437744,
        -0.5849717855453491,
        -0.584486186504364,
        -0.5878741145133972,
        -0.5873657464981079,
        -0.5890498161315918,
        -0.5884549617767334,
        -0.5913397669792175,
        -0.5909476280212402,
        -0.5917963981628418
    ],
    "sum_loss": [
        4.3767619132995605,
        3.410452127456665,
        3.390488386154175,
        3.382146120071411,
        3.379826784133911,
        3.3733205795288086,
        3.3743884563446045,
        3.373992443084717,
        3.3768744468688965,
        3.376262664794922,
        3.371109962463379,
        3.3729114532470703,
        3.3720755577087402,
        3.377142906188965,
        3.374222993850708,
        3.371060371398926,
        3.373582601547241,
        3.3723175525665283,
        3.374473810195923,
        3.3740789890289307,
        3.37370228767395,
        3.371164321899414,
        3.3704543113708496,
        3.365607738494873,
        3.367295503616333,
        3.3699963092803955,
        3.3756747245788574,
        3.36885404586792,
        3.3723819255828857,
        3.3749754428863525,
        3.370086908340454,
        3.369544506072998,
        3.371817111968994,
        3.374197244644165,
        3.3708410263061523,
        3.3720133304595947,
        3.3711326122283936,
        3.3683204650878906,
        3.3645873069763184,
        3.3685433864593506,
        3.3675177097320557,
        3.3678274154663086,
        3.363326072692871,
        3.3602395057678223,
        3.362456798553467,
        3.3675270080566406
    ],
    "shape_corr": [
        0.17886415123939514,
        0.2563251256942749,
        0.2958388924598694,
        0.31161391735076904,
        0.3215576112270355,
        0.3298923373222351,
        0.3352312743663788,
        0.33879685401916504,
        0.3438240885734558,
        0.3466757535934448,
        0.34917211532592773,
        0.3512651026248932,
        0.3506556749343872,
        0.3515854477882385,
        0.3502463698387146,
        0.34711527824401855,
        0.3422815203666687,
        0.3373623788356781,
        0.336273729801178,
        0.33634376525878906,
        0.33554866909980774,
        0.3391766846179962,
        0.33719801902770996,
        0.3374954164028168,
        0.3381299674510956,
        0.33936330676078796,
        0.34039223194122314,
        0.3411756455898285,
        0.34019899368286133,
        0.3402949571609497,
        0.34205085039138794,
        0.34184136986732483,
        0.34318700432777405,
        0.3454921245574951,
        0.34590035676956177,
        0.34570783376693726,
        0.34918519854545593,
        0.3530682921409607,
        0.3532663881778717,
        0.3566925823688507,
        0.3553035259246826,
        0.3603104054927826,
        0.3610696494579315,
        0.36209356784820557,
        0.36110082268714905,
        0.3620545566082001
    ],
    "val_loss": [
        -0.35606101155281067,
        -0.48158422112464905,
        -0.5037487149238586,
        -0.5204651951789856,
        -0.5345216393470764,
        -0.5463007092475891,
        -0.5445706844329834,
        -0.5457284450531006,
        -0.5371666550636292,
        -0.5545704960823059,
        -0.5544600486755371,
        -0.5514809489250183,
        -0.5623736381530762,
        -0.5566462278366089,
        -0.5470106601715088,
        -0.5575718879699707,
        -0.5312550067901611,
        -0.5614496469497681,
        -0.5614648461341858,
        -0.564534068107605,
        -0.5592477321624756,
        -0.5723178386688232,
        -0.570880115032196,
        -0.5656699538230896,
        -0.5494098663330078,
        -0.5707343220710754,
        -0.5733512043952942,
        -0.5595049858093262,
        -0.5485706329345703,
        -0.5776605010032654,
        -0.572492241859436,
        -0.5769317746162415,
        -0.5740478038787842,
        -0.5568130612373352,
        -0.5594087839126587,
        -0.5824026465415955,
        -0.5581392645835876,
        -0.5699262619018555,
        -0.5770237445831299,
        -0.5686711072921753,
        -0.5698308348655701,
        -0.5672339200973511,
        -0.5682365298271179,
        -0.5727141499519348,
        -0.5469067096710205,
        -0.5732964873313904
    ],