{
    "loss": [
        -0.3581085503101349,
        -0.48857882618904114,
        -0.536012589931488,
        -0.5480915307998657,
        -0.5575113296508789,
        -0.5638024210929871,
        -0.569124162197113,
        -0.5716984868049622,
        -0.5737590193748474,
        -0.5758971571922302,
        -0.5767182111740112,
        -0.5815318822860718,
        -0.5816526412963867,
        -0.5807511210441589,
        -0.5813330411911011
    ],
    "shape_loss": [
        -0.36676478385925293,
        -0.4953564405441284,
        -0.5427497029304504,
        -0.5548298954963684,
        -0.564233660697937,
        -0.5705274343490601,
        -0.5758508443832397,
        -0.5784277319908142,
        -0.580492377281189,
        -0.5826284289360046,
        -0.5834407806396484,
        -0.5882439613342285,
        -0.5883663296699524,
        -0.5874664783477783,
        -0.5880546569824219
    ],
    "sum_loss": [
        4.328059196472168,
        3.3883979320526123,
        3.3694894313812256,
        3.368691921234131,
        3.3622124195098877,
        3.362518787384033,
        3.3637070655822754,
        3.364339828491211,
        3.3656842708587646,
        3.3635034561157227,
        3.362046957015991,
        3.355381488800049,
        3.3589980602264404,
        3.3579185009002686,
        3.359527111053467
    ],
    "shape_corr": [
        0.1927034556865692,
        0.30138927698135376,
        0.3409773111343384,
        0.3555690050125122,
        0.3663877546787262,
        0.3735427260398865,
        0.3798539936542511,
        0.3839651346206665,
        0.38770419359207153,
        0.389642596244812,
        0.3900485932826996,
        0.39484190940856934,
        0.39164796471595764,
        0.38989487290382385,
        0.3894864022731781
    ],
    "val_loss": [
        -0.41370663046836853,
        -0.48862048983573914,
        -0.5000726580619812,
        -0.4977642297744751,
        -0.5114080309867859,
        -0.48659607768058777,
        -0.467346727848053,
        -0.4560343623161316,
        -0.4450543522834778,
        -0.47177624702453613,
        -0.48123469948768616,
        -0.4709070026874542,
        -0.4352341592311859,
        -0.508007287979126,
        -0.4850574731826782
    ],
    "val_shape_loss": [
        -0.4153102934360504,
        -0.49055442214012146,
        -0.5074975490570068,
        -0.5044258236885071,
        -0.5179873108863831,
        -0.48776599764823914,
        -0.4689793884754181,
        -0.45754238963127136,
        -0.46329328417778015,
        -0.473129540681839,
        -0.483240008354187,
        -0.48964500427246094,
        -0.4554533362388611,
        -0.5101838111877441,
        -0.5047241449356079
    ],
    "val_sum_loss": [
        0.8020079135894775,
        0.9665912985801697,
        3.712339401245117,
        3.3307061195373535,
        3.2896173000335693,
        0.585342526435852,
        0.816429078578949,
        0.754030168056488,
        9.119659423828125,
        0.6768566370010376,
        1.0030795335769653,
        9.368633270263672,
        10.109817504882812,
        1.0883548259735107,
        9.83322811126709
    ],
    "val_shape_corr": [
        0.24772536754608154,
        0.291960209608078,
        0.3095535337924957,
        0.31042763590812683,
        0.3355046212673187,
        0.3076498210430145,
        0.3051154911518097,
        0.2826203405857086,
        0.31300806999206543,
        0.32302621006965637,
        0.32678481936454773,
        0.333647757768631,
        0.29322680830955505,
        0.34135347604751587,
        0.3231429159641266
    ]
}