{
    "loss": [
        -0.35258281230926514,
        -0.4760049283504486,
        -0.5217159986495972,
        -0.5379900336265564,
        -0.5495191216468811,
        -0.5521040558815002,
        -0.5582122206687927,
        -0.5603127479553223,
        -0.5631977915763855,
        -0.5663995146751404,
        -0.5679383873939514,
        -0.5705217719078064,
        -0.5716777443885803,
        -0.573266327381134,
        -0.5731780529022217,
        -0.5767594575881958,
        -0.5760835409164429,
        -0.5757381916046143,
        -0.5777994394302368,
        -0.5765897631645203,
        -0.577163815498352,
        -0.5752677321434021,
        -0.5764865279197693,
        -0.5765575170516968,
        -0.5754825472831726,
        -0.5751553177833557,
        -0.5754849910736084,
        -0.5749971866607666
    ],
    "shape_loss": [
        -0.36119475960731506,
        -0.48282933235168457,
        -0.5284938812255859,
        -0.5447577238082886,
        -0.5562668442726135,
        -0.5588540434837341,
        -0.5649592280387878,
        -0.5670682787895203,
        -0.5699390172958374,
        -0.5731455683708191,
        -0.5746862888336182,
        -0.5772741436958313,
        -0.5784274935722351,
        -0.5800050497055054,
        -0.5799230337142944,
        -0.5835152864456177,
        -0.5828321576118469,
        -0.5824872255325317,
        -0.584553599357605,
        -0.5833306312561035,
        -0.5839071273803711,
        -0.582012414932251,
        -0.5832220911979675,
        -0.5833041071891785,
        -0.5822286605834961,
        -0.5818955898284912,
        -0.5822290182113647,
        -0.5817433595657349
    ],
    "sum_loss": [
        4.305804252624512,
        3.411701202392578,
        3.3902366161346436,
        3.383120536804199,
        3.373549222946167,
        3.3750507831573486,
        3.372117280960083,
        3.3777098655700684,
        3.3710715770721436,
        3.3723642826080322,
        3.3741538524627686,
        3.3768866062164307,
        3.3753433227539062,
        3.3699722290039062,
        3.372570276260376,
        3.377063751220703,
        3.3742332458496094,
        3.373533248901367,
        3.377267360687256,
        3.3697988986968994,
        3.3716776371002197,
        3.373244285583496,
        3.3682801723480225,
        3.3716862201690674,
        3.37318754196167,
        3.3697633743286133,
        3.371440887451172,
        3.371575117111206
    ],
    "shape_corr": [
        0.18014971911907196,
        0.2744199335575104,
        0.309231162071228,
        0.32295629382133484,
        0.33207350969314575,
        0.3362809717655182,
        0.34277835488319397,
        0.3464788794517517,
        0.3488154113292694,
        0.3536335229873657,
        0.35567769408226013,
        0.3588346540927887,
        0.3593827188014984,
        0.3616788387298584,
        0.36074522137641907,
        0.36222437024116516,
        0.3611471652984619,
        0.3581137955188751,
        0.35656970739364624,
        0.35482701659202576,
        0.3533976674079895,
        0.34904876351356506,
        0.348869651556015,
        0.34755006432533264,
        0.3462766110897064,
        0.34603920578956604,
        0.34773555397987366,
        0.34725674986839294
    ],
    "val_loss": [
        -0.4219034016132355,
        -0.5043681859970093,
        -0.5118514895439148,
        -0.5323985815048218,
        -0.544983983039856,
        -0.5495268106460571,
        -0.5536795854568481,
        -0.5553355813026428,
        -0.5572131276130676,
        -0.5418087840080261,
        -0.5559593439102173,
        -0.5551123023033142,
        -0.5402557253837585,
        -0.5318456292152405,
        -0.5488432049751282,
        -0.5340981483459473,
        -0.5273452997207642,
        -0.5637186765670776,
        -0.5451081395149231,
        -0.530219316482544,
        -0.5316219925880432,
        -0.5395829081535339,
        -0.5535528659820557,
        -0.537350058555603,
        -0.5356842279434204,
        -0.556628406047821,
        -0.5465120077133179,
        -0.5563738346099854
    ],
    "val_shape_loss": [
        -0.4231948256492615,
        -0.5057697296142578,
        -0.5132067203521729,
        -0.533621609210968,
        -0.5464209318161011,
        -0.5506542325019836,
        -0.5569773316383362,
        -0.5565052628517151,
        -0.5582873225212097,
        -0.5478336811065674,
        -0.5574913620948792,
        -0.5587058663368225,
        -0.5490448474884033,
        -0.5507790446281433,
        -0.550818920135498,
        -0.5537696480751038,
        -0.5287357568740845,
        -0.5649094581604004,
        -0.5600829124450684,
        -0.548973023891449,
        -0.5330039858818054,
        -0.5593457221984863,
        -0.5547265410423279,
        -0.541240394115448,
        -0.5550913214683533,
        -0.5578752756118774,
        -0.5662949681282043,
        -0.5632306337356567
    ],
    "val_sum_loss": [
        0.645855188369751,
        0.7003036737442017,
        0.6778174042701721,
        0.6118663549423218,
        0.7183619141578674,
        0.5636653304100037,
        1.6486884355545044,
        0.5847668051719666,
        0.5367013216018677,
        3.012756824493408,
        0.7656010985374451,
        1.7964388132095337,
        4.39451789855957,
        9.467388153076172,
        0.9883388876914978,
        9.836030006408691,
        0.6951823830604553,
        0.5962069630622864,
        7.486949443817139,
        9.376522064208984,
        0.6910390257835388,
        9.88126277923584,
        0.5864588022232056,
        1.945598840713501,
        9.703906059265137,
        0.6228466033935547,
        9.891773223876953,
        3.4285895824432373
    ],
    "val_shape_corr": [
        0.23711858689785004,
        0.31518715620040894,
        0.3195838928222656,
        0.34030717611312866,
        0.35124465823173523,
        0.35009026527404785,
        0.3638852536678314,
        0.36263445019721985,
        0.36652544140815735,
        0.3541121780872345,
        0.36731618642807007,
        0.37338030338287354,
        0.3645232617855072,
        0.3698621690273285,
        0.37921014428138733,
        0.3787151873111725,
        0.3435056805610657,
        0.39455899596214294,
        0.3814152479171753,
        0.37435781955718994,
        0.34261655807495117,
        0.3777850568294525,
        0.38143739104270935,
        0.3444664478302002,
        0.3571203052997589,
        0.36563581228256226,
        0.37248796224594116,
        0.36410796642303467
    ]
}